Workbook
Name Rýchly_filter_obdobie: #N/A

Sheet Postup
A2: pri účtovaní FA od ŽN - ku každej FA musí byť priložený PROTOKOL O ZADANÍ A PREVZATÍ PRÁC k Rámcovej zmluve o dielo
A3: ( suma na Protokole musí sedieť aj s úhradmi výkonov v IN TIME ). Ak suma sedí, do poznámky uvádzam č. FA prislúchajúcej k Protokolu.
A4: Ak suma nesedí, riešiť s vedúcimi príslušnej VP.
A48: Pri zúčtovaní všetkých FA za predchádzajúci mesiac k ukončeným zákazkam robím NEVYFAKTUROVANÉ DODÁVKY.
A49: ABRA = rad dokladu: UMaO = dátum vystav.dokladu: dám dátum od roku trvania zákazky do dátumu ukončenia zákazky = vybavené objednávky: dám NIE = riadky: vyberiem všetky zákazky zo zoznamu
A50: ukončených zákaziek, vysvietim si INSERTOM a dám získať záznamy.
A51: Nevyfakturované objednávky riešiť s koordinátormi.
A52: Účtujem cez INT-/2019 k 31. príslušného mesiaca
B53: 518xxx/326100 + zákazka!!! (na jednotlivé eurá a zákazky)
A54: Keď príde FPR tak zúčtujem 326100/321010 - tuzemsko, 321020 - zahraničie)
A56: ZOZNAM UKONČENÝCH ZÁKAZIEK
A57: Na serveri v priečinku PREHĽADY - excelovský súbor EXPEDÍCIE (vyfiltrujem si iba ukončené zákazky za príslušný mesiac)
A58: Poslať riaditeľovi na doplnenie kalkulácie.

Sheet data_z_viacur.zostavy
A1: Zákazka | B1: Názov zákazky | C1: Výrobný úsek | D1: Kategória | E1: Stredisko | F1: ZF [hod] | G1: NC [hod] | H1: Spolu [hod] | I1: obdobie | J1: Zakazka_upr | K1: cd_typ_Zákazky | L1: nm_typ_zákazky
A2: 23/0082 | B2: Základový rám 1 ks | C2: VP2 | D2: JR | E2: Zámočník | F2: 4 | G2: 0 | H2: 4 | I2: 2026/06 | J2: =TRIM(A2) -> 23/0082 | K2: =MID(J2,4,1) -> 0 | L2: =IF(K2="9","9_podnik. Réžia",IF(K2="5","5_režijné zákazky",IF(K2="8","8_drobné zákazky",IF(K2="7","7_Vyskum_a_vyvoj","jednicové zákazky")))) -> jednicové zákazky
A3: 23/0082 | B3: Základový rám 1 ks | C3: VP2 | D3: ŽN | E3: Zám. po zvár. | F3: 6 | G3: 0 | H3: 6 | I3: 2026/06 | J3: =TRIM(A3) -> 23/0082 | K3: =MID(J3,4,1) -> 0 | L3: =IF(K3="9","9_podnik. Réžia",IF(K3="5","5_režijné zákazky",IF(K3="8","8_drobné zákazky",IF(K3="7","7_Vyskum_a_vyvoj","jednicové zákazky")))) -> jednicové zákazky
A4: 23/0082 | B4: Základový rám 1 ks | C4: VP5 | D4: JR | E4: Apretúra | F4: 48 | G4: 0 | H4: 48 | I4: 2026/06 | J4: =TRIM(A4) -> 23/0082 | K4: =MID(J4,4,1) -> 0 | L4: =IF(K4="9","9_podnik. Réžia",IF(K4="5","5_režijné zákazky",IF(K4="8","8_drobné zákazky",IF(K4="7","7_Vyskum_a_vyvoj","jednicové zákazky")))) -> jednicové zákazky
A5: 23/0082 | B5: Základový rám 1 ks | C5: VP5 | D5: JR | E5: Lakovanie | F5: 8 | G5: 0 | H5: 8 | I5: 2026/06 | J5: =TRIM(A5) -> 23/0082 | K5: =MID(J5,4,1) -> 0 | L5: =IF(K5="9","9_podnik. Réžia",IF(K5="5","5_režijné zákazky",IF(K5="8","8_drobné zákazky",IF(K5="7","7_Vyskum_a_vyvoj","jednicové zákazky")))) -> jednicové zákazky
A6: 23/0082 | B6: Základový rám 1 ks | C6: VP5 | D6: ŽN | E6: Apretúra | F6: 5.5 | G6: 0 | H6: 5.5 | I6: 2026/06 | J6: =TRIM(A6) -> 23/0082 | K6: =MID(J6,4,1) -> 0 | L6: =IF(K6="9","9_podnik. Réžia",IF(K6="5","5_režijné zákazky",IF(K6="8","8_drobné zákazky",IF(K6="7","7_Vyskum_a_vyvoj","jednicové zákazky")))) -> jednicové zákazky
A7: 23/0083 | B7: Základový rám 1 ks | C7: VP2 | D7: JR | E7: Skladanie | F7: 18 | G7: 1.5 | H7: 19.5 | I7: 2026/06 | J7: =TRIM(A7) -> 23/0083 | K7: =MID(J7,4,1) -> 0 | L7: =IF(K7="9","9_podnik. Réžia",IF(K7="5","5_režijné zákazky",IF(K7="8","8_drobné zákazky",IF(K7="7","7_Vyskum_a_vyvoj","jednicové zákazky")))) -> jednicové zákazky
A8: 23/0083 | B8: Základový rám 1 ks | C8: VP2 | D8: JR | E8: Zváranie | F8: 5 | G8: 0 | H8: 5 | I8: 2026/06 | J8: =TRIM(A8) -> 23/0083 | K8: =MID(J8,4,1) -> 0 | L8: =IF(K8="9","9_podnik. Réžia",IF(K8="5","5_režijné zákazky",IF(K8="8","8_drobné zákazky",IF(K8="7","7_Vyskum_a_vyvoj","jednicové zákazky")))) -> jednicové zákazky
A9: 23/0083 | B9: Základový rám 1 ks | C9: VP2 | D9: JR | E9: Zámočník | F9: 16 | G9: 0 | H9: 16 | I9: 2026/06 | J9: =TRIM(A9) -> 23/0083 | K9: =MID(J9,4,1) -> 0 | L9: =IF(K9="9","9_podnik. Réžia",IF(K9="5","5_režijné zákazky",IF(K9="8","8_drobné zákazky",IF(K9="7","7_Vyskum_a_vyvoj","jednicové zákazky")))) -> jednicové zákazky
A10: 23/0083 | B10: Základový rám 1 ks | C10: VP2 | D10: ŽN | E10: Zám. po zvár. | F10: 4 | G10: 0 | H10: 4 | I10: 2026/06 | J10: =TRIM(A10) -> 23/0083 | K10: =MID(J10,4,1) -> 0 | L10: =IF(K10="9","9_podnik. Réžia",IF(K10="5","5_režijné zákazky",IF(K10="8","8_drobné zákazky",IF(K10="7","7_Vyskum_a_vyvoj","jednicové zákazky")))) -> jednicové zákazky
A11: 23/0083 | B11: Základový rám 1 ks | C11: VP5 | D11: JR | E11: Apretúra | F11: 48 | G11: 0 | H11: 48 | I11: 2026/06 | J11: =TRIM(A11) -> 23/0083 | K11: =MID(J11,4,1) -> 0 | L11: =IF(K11="9","9_podnik. Réžia",IF(K11="5","5_režijné zákazky",IF(K11="8","8_drobné zákazky",IF(K11="7","7_Vyskum_a_vyvoj","jednicové zákazky")))) -> jednicové zákazky
A12: 23/0083 | B12: Základový rám 1 ks | C12: VP5 | D12: ŽN | E12: Lakovanie | F12: 8 | G12: 0 | H12: 8 | I12: 2026/06 | J12: =TRIM(A12) -> 23/0083 | K12: =MID(J12,4,1) -> 0 | L12: =IF(K12="9","9_podnik. Réžia",IF(K12="5","5_režijné zákazky",IF(K12="8","8_drobné zákazky",IF(K12="7","7_Vyskum_a_vyvoj","jednicové zákazky")))) -> jednicové zákazky
A13: 23/0084 | B13: Základový rám 1 ks | C13: VP2 | D13: JR | E13: Zámočník | F13: 4 | G13: 0 | H13: 4 | I13: 2026/06 | J13: =TRIM(A13) -> 23/0084 | K13: =MID(J13,4,1) -> 0 | L13: =IF(K13="9","9_podnik. Réžia",IF(K13="5","5_režijné zákazky",IF(K13="8","8_drobné zákazky",IF(K13="7","7_Vyskum_a_vyvoj","jednicové zákazky")))) -> jednicové zákazky
... A342: XX/9999 | B342: Podniková réžia | C342: VP5 | D342: ŽN | E342: Pieskovanie | F342: 46.5 | G342: 0 | H342: 46.5 | I342: 2026/06 | J342: =TRIM(A342) -> XX/9999 | K342: =MID(J342,4,1) -> 9 | L342: =IF(K342="9","9_podnik. Réžia",IF(K342="5","5_režijné zákazky",IF(K342="8","8_drobné zákazky",IF(K342="7","7_Vyskum_a_vyvoj","jednicové zákazky")))) -> 9_podnik. Réžia

Sheet Hárok4
A1: Zákazka | B1: Názov zákazky | C1: Výrobný úsek | D1: Kategória | E1: Stredisko | F1: ZF [hod] | G1: NC [hod] | H1: Spolu [hod] | I1: obdobie | J1: Zakazka_upr | K1: cd_typ_Zákazky | L1: nm_typ_zákazky
A2: XX/9999 | B2: Podniková réžia | C2: VP2 | D2: JR | E2: Zámočník | F2: 6 | G2: 0 | H2: 6 | I2: 2019/11 | J2: XX/9999 | K2: 9 | L2: 9_podnik. Réžia
A3: XX/9999 | B3: Podniková réžia | C3: VP2 | D3: JR | E3: Zváranie | F3: 39 | G3: 0 | H3: 39 | I3: 2019/11 | J3: XX/9999 | K3: 9 | L3: 9_podnik. Réžia
A4: XX/9999 | B4: Podniková réžia | C4: VP2 | D4: JR | E4: Výroba dielcov | F4: 6 | G4: 0 | H4: 6 | I4: 2019/11 | J4: XX/9999 | K4: 9 | L4: 9_podnik. Réžia
A5: XX/9999 | B5: Podniková réžia | C5: VP2 | D5: JR | E5: Skladanie | F5: 21 | G5: 0 | H5: 21 | I5: 2019/11 | J5: XX/9999 | K5: 9 | L5: 9_podnik. Réžia
A6: XX/9999 | B6: Podniková réžia | C6: VP2 | D6: JR | E6: Rovnanie | F6: 6 | G6: 0 | H6: 6 | I6: 2019/11 | J6: XX/9999 | K6: 9 | L6: 9_podnik. Réžia

Sheet 2026_06_sumar
B2: ROZBOR HODÍN ZA MESIAC | F2: =C34 -> 2026/06
B4: Školenia - manuálny vstup
B5: dostupné hneď po prenose dochádzky
B7: =C35 -> JR | C7: =SUM(C8:C13) -> 0
B8: VP1
B9: VP2
B10: VP3V
B11: VP3M
B12: VP4
B13: VP5
B14: VP3T
B17: Odpracované hodiny (A+B+C+školenia+D): | H17: B) režijné zákazky (rr/5xxx)
B18: odvedené + podniková réžia + réžijné zákazky + školenia+VaV
H19: Súčet z Spolu [hod] | I19: Označenia stĺpcov
C20: =C34 -> 2026/06 | I20: 2026/06 | L20: spolu
B21: Označenia riadkov | C21: =C35 -> JR | D21: =E35 -> ŽN+POL | E21: spolu | H21: Označenia riadkov | I21: JR | J21: RŽ | K21: ŽN+POL
B22: Odracované hod. | C22: =SUM(C23:C29) -> 8328 | D22: =SUM(D23:D29) -> 7591.5 | E22: =D22+C22 -> 15919.5 | H22: 5_režijné zákazky | I22: 20.5 | L22: 20.5
B23: VP1 | C23: =SUM(C37:D37,C45:D45)+I23+I37+C8+C53+D53 -> 3081.25 | D23: =SUM(E37,E45)+K23+J37+D8+E53 -> 5360 | E23: =D23+C23 -> 8441.25 | H23: VP1 | I23: 11.5 | L23: 11.5
B24: VP2 | C24: =SUM(C38:D38,C46:D46)+I24+I38+C9+C54 -> 2026.5 | D24: =SUM(E38,E46)+K24+J38+D9+E54 -> 831.5 | E24: =D24+C24 -> 2858 | H24: VP2 | I24: 6 | L24: 6
B25: VP3V | C25: =SUM(C39:D39,C47:D47)+I25+I39+C10+C55 -> 1170 | D25: =SUM(E39,E47)+K25+J39+D10+E55 -> 0 | E25: =D25+C25 -> 1170 | H25: VP3V
B26: VP3M | C26: =SUM(C40:D40,C48:D48)+I26+I40+C11+C56 -> 1145.75 | D26: =SUM(E40,E48)+K26+J40+D11+E56 -> 125 | E26: =D26+C26 -> 1270.75 | H26: VP3M | I26: 3 | L26: 3
B27: VP4 | C27: =SUM(C41:D41,C49:D49)+I27+I41+C12+C57 -> 0 | D27: =SUM(E41,E49)+K27+J41+D12+E57 -> 0 | E27: =D27+C27 -> 0 | H27: VP4
B28: VP5 | C28: =SUM(C42:D42,C50:D50)+I28+I42+C13+C58 -> 646.5 | D28: =SUM(E42,E50)+K28+J42+D13+E58 -> 1101 | E28: =D28+C28 -> 1747.5 | H28: VP5
B29: VP3Tlmače | C29: =SUM(C43:D43,C51:D51)+I29+I43+C14+C59 -> 258 | D29: =SUM(E43,E51)+K29+J43+D14+E59 -> 174 | E29: =D29+C29 -> 432 | H29: VP3T
B31: A) Odvedené hodiny: externé zákazky + drobné zákazky+výskum a vývoj | H31: C) Podniková réžia (rr/9xxx)
B33: Súčet z Spolu [hod] | C33: Označenia stĺpcov | H33: Súčet z Spolu [hod] | I33: Označenia stĺpcov
C34: 2026/06 | F34: spolu | I34: 2026/06 | K34: spolu
B35: Označenia riadkov | C35: JR | D35: RŽ | E35: ŽN+POL | H35: Označenia riadkov | I35: JR | J35: ŽN+POL | M35: PR+školenia | N35: réžia celkom
B36: jednicové zákazky | C36: 8070.5 | E36: 7545 | F36: 15615.5 | H36: 9_podnik. Réžia | I36: 212.5 | J36: 46.5 | K36: 259 | M36: =K36+C7 -> 259 | N36: =SUM(N37:N43) -> 279.5
B37: VP1 | C37: 2986.25 | E37: 5360 | F37: 8346.25 | H37: VP1 | I37: 69 | K37: 69 | M37: =K37+C8 -> 69 | N37: =M37+GETPIVOTDATA("Spolu [hod]",$H$19,"Výrobný úsek","VP1 ","obdobie","2026/06","nm_typ_zákazky","5_režijné zákazky") -> 80.5
B38: VP2 | C38: 1976.5 | E38: 831.5 | F38: 2808 | H38: VP2 | I38: 34 | K38: 34 | M38: =K38+C9 -> 34 | N38: =M38+GETPIVOTDATA("Spolu [hod]",$H$19,"Výrobný úsek","VP2 ","obdobie","2026/06","nm_typ_zákazky","5_režijné zákazky") -> 40
B39: VP3V | C39: 1093.5 | F39: 1093.5 | H39: VP3V | I39: 76.5 | K39: 76.5 | M39: =K39+C10 -> 76.5 | N39: =M39+GETPIVOTDATA("Spolu [hod]",$H$19,"Výrobný úsek","VP3V ","obdobie","2026/06","nm_typ_zákazky","5_režijné zákazky") -> 76.5
B40: VP3M | C40: 1126.75 | E40: 125 | F40: 1251.75 | H40: VP3M | I40: 16 | K40: 16 | M40: =K40+C11 -> 16 | N40: =M40+GETPIVOTDATA("Spolu [hod]",$H$19,"Výrobný úsek","VP3M ","obdobie","2026/06","nm_typ_zákazky","5_režijné zákazky") -> 19
B41: VP4 | H41: VP4 | M41: =K41+C12 -> 0 | N41: =M41+GETPIVOTDATA("Spolu [hod]",$H$19,"Výrobný úsek","VP4 ","obdobie","2026/06","nm_typ_zákazky","5_režijné zákazky") -> 0
B42: VP5 | C42: 629.5 | E42: 1054.5 | F42: 1684 | H42: VP5 | I42: 17 | J42: 46.5 | K42: 63.5 | M42: =K42+C13 -> 63.5 | N42: =M42+GETPIVOTDATA("Spolu [hod]",$H$19,"Výrobný úsek","VP5 ","obdobie","2026/06","nm_typ_zákazky","5_režijné zákazky") -> 63.5
B43: VP3T | C43: 258 | E43: 174 | F43: 432 | H43: VP3T | M43: =K43+C14 -> 0 | N43: 0
B44: 8_drobné zákazky | C44: 24.5 | F44: 24.5
B45: VP1 | C45: 14.5 | F45: 14.5
B46: VP2 | C46: 10 | F46: 10
B47: VP3V
B48: VP3M
B49: VP4
B50: VP5
B51: VP3T
B52: 7_Vyskum_a_vyvoj
B53: VP1
B54: VP2
B55: VP3V
B56: VP3M
B57: VP4
B58: VP5
B59: VP3T
B60: Celkový súčet | C60: 8095 | E60: 7545 | F60: 15640
B62: odved. Hod. | C62: =C35 -> JR | D62: =D35 -> RŽ | E62: =E35 -> ŽN+POL | F62: Spolu | G62: réžia celkom | H62: Odpracované celkom
B63: =B37 -> VP1 | C63: =C37+C45+C53 -> 3000.75 | D63: =D37+D44+D51 -> 0 | E63: =E37+E45+E53 -> 5360 | F63: =F37+F45+F53 -> 8360.75 | G63: =N37 -> 80.5 | H63: =F63+G63 -> 8441.25
B64: =B38 -> VP2 | C64: =C38+C46+C54 -> 1986.5 | D64: =D38+D45+D52 -> 0 | E64: =E38+E46+E54 -> 831.5 | F64: =F38+F46+F54 -> 2818 | G64: =N38 -> 40 | H64: =F64+G64 -> 2858
B65: =B39 -> VP3V | C65: =C39+C47+C55 -> 1093.5 | D65: =D39+D46+D53 -> 0 | E65: =E39+E47+E55 -> 0 | F65: =F39+F47+F55 -> 1093.5 | G65: =N39 -> 76.5 | H65: =F65+G65 -> 1170
B66: =B40 -> VP3M | C66: =C40+C48+C56 -> 1126.75 | D66: =D40+D47+D54 -> 0 | E66: =E40+E48+E56 -> 125 | F66: =F40+F48+F56 -> 1251.75 | G66: =N40 -> 19 | H66: =F66+G66 -> 1270.75
B67: =B41 -> VP4 | C67: =C41+C49+C57 -> 0 | D67: =D41+D48+D55 -> 0 | E67: =E41+E49+E57 -> 0 | F67: =F41+F49+F57 -> 0 | G67: =N41 -> 0 | H67: =F67+G67 -> 0
B68: =B42 -> VP5 | C68: =C42+C50+C58 -> 629.5 | D68: 1 | E68: =E42+E50+E58 -> 1054.5 | F68: =F42+F50+F58 -> 1684 | G68: =N42 -> 63.5 | H68: =F68+G68 -> 1747.5
B69: VP3V Tlmače | C69: =C43+C51+C59 -> 258 | D69: 0 | E69: =E43+E51+E59 -> 174 | F69: =F43+F51+F59 -> 432 | G69: 0 | H69: =F69+G69 -> 432
B70: Investícia | F70: =SUM(C70:E70) -> 0 | G70: 0 | H70: =F70+G70 -> 0
B71: odved. Hod. | C71: =SUM(C63:C70) -> 8095 | D71: =SUM(D63:D70) -> 1 | E71: =SUM(E63:E70) -> 7545 | F71: =SUM(F63:F70) -> 15640 | G71: =SUM(G63:G70) -> 279.5 | H71: =F71+G71 -> 15919.5
B81: Súčet z Spolu [hod] | C81: Označenia stĺpcov
C82: 2026/06 | H82: spolu
B83: Označenia riadkov | C83: JR | D83: RŽ | E83: ŽN+POL | F83: ŽN-RR | G83: ŽN-THP
B84: jednicové zákazky | C84: 8070.5 | E84: 7545 | H84: 15615.5
B85: VP1 | C85: 2986.25 | E85: 5360 | H85: 8346.25
B86: VP2 | C86: 1976.5 | E86: 831.5 | H86: 2808
B87: VP3V | C87: 1093.5 | H87: 1093.5
B88: VP3M | C88: 1126.75 | E88: 125 | H88: 1251.75
B89: VP4
B90: VP5 | C90: 629.5 | E90: 1054.5 | H90: 1684
B91: VP3T | C91: 258 | E91: 174 | H91: 432
B92: 8_drobné zákazky | C92: 24.5 | H92: 24.5
B93: VP1 | C93: 14.5 | H93: 14.5
B94: VP2 | C94: 10 | H94: 10
B95: VP3V
B96: VP3M
B97: VP4
B98: VP5
B99: VP3T
B100: 5_režijné zákazky | C100: 20.5 | H100: 20.5 | I100: z toho: Investícia 21/5604 | J100: JR | K100: RŽ | L100: ŽN+POL | M100: SPOLU
B101: VP1 | C101: 11.5 | H101: 11.5 | I101: VP1 | M101: =SUM(J101:L101) -> 0
B102: VP2 | C102: 6 | H102: 6 | I102: VP2 | M102: =SUM(J102:L102) -> 0
B103: VP3V | I103: VP3V | M103: =SUM(J103:L103) -> 0
B104: VP3M | C104: 3 | H104: 3 | I104: VP3M | M104: =SUM(J104:L104) -> 0
B105: VP4 | I105: VP4 | M105: =SUM(J105:L105) -> 0
B106: VP5 | I106: VP5 | M106: =SUM(J106:L106) -> 0
B107: VP3T | I107: SPOLU | J107: =SUM(J101:J106) -> 0 | K107: =SUM(K101:K106) -> 0 | L107: =SUM(L101:L106) -> 0 | M107: =SUM(M101:M106) -> 0
B108: 9_podnik. Réžia | C108: 212.5 | E108: 46.5 | H108: 259
B109: VP1 | C109: 69 | H109: 69
B110: VP2 | C110: 34 | H110: 34
B111: VP3V | C111: 76.5 | H111: 76.5
B112: VP3M | C112: 16 | H112: 16
B113: VP4
B114: VP5 | C114: 17 | E114: 46.5 | H114: 63.5
B115: VP3T
B116: 7_Vyskum_a_vyvoj
B117: VP1
...

Sheet KUMULÁCIE
B1: Prehľad odpracovaných a odvedených hodín za rok 2026 podľa VP | I1: kopírovať do časového fondu
C3: ='2026_06_sumar'!C34 -> 2026/06
B5: Odvedené hod.- JZ,drobné zák. | C5: =SUM(C6:C11) -> 15640
B6: • VP1 | C6: =C14-C61-C53 -> 8360.75
B7: • VP2 | C7: =C15-C62-C54+1 -> 2818 | D7: 2298
B8: • VP3V | C8: =C16-C63-C55 -> 1093.5 | D8: =SUM(C8:C9) -> 2345.25
B9: • VP3M | C9: =C17-C64-C56 -> 1251.75
B10: • VP3T | C10: =C18-C65-C57 -> 432
B11: • VP5 | C11: =C19-C66-C58 -> 1684
B13: Odpracované hodiny spolu | C13: =SUM(C14:C19)+1 -> 15919.5
B14: • VP1 | C14: =C22+C30 -> 8441.25
B15: • VP2 | C15: =C23+C31 -> 2857
B16: • VP3V | C16: =C24+C32 -> 1170 | D16: =SUM(C16:C17) -> 2440.75
B17: • VP3M | C17: =C25+C33 -> 1270.75
B18: • VP3T | C18: =C26+C34 -> 432
B19: • VP5 | C19: =C27+C35 -> 1747.5 | D19: =C13-C18 -> 15487.5
B21: Z toho zamestnanci spolu | C21: =SUM(C22:C27) -> 8328
B22: • VP1 | C22: ='2026_06_sumar'!C23 -> 3081.25
B23: • VP2 | C23: ='2026_06_sumar'!C24 -> 2026.5
B24: • VP3V | C24: ='2026_06_sumar'!C25 -> 1170
B25: • VP3M | C25: ='2026_06_sumar'!C26 -> 1145.75
B26: • VP3T | C26: ='2026_06_sumar'!C29 -> 258
B27: • VP5 | C27: ='2026_06_sumar'!C28 -> 646.5
B29: Z toho živnostníci spolu | C29: =SUM(C30:C35)+1 -> 7591.5
B30: • VP1 | C30: ='2026_06_sumar'!D23 -> 5360
B31: • VP2 | C31: ='2026_06_sumar'!D24-1 -> 830.5
B32: • VP3V | C32: ='2026_06_sumar'!D25 -> 0
B33: • VP3M | C33: ='2026_06_sumar'!D26 -> 125
B34: • VP3T | C34: ='2026_06_sumar'!D29 -> 174
B35: • VP5 | C35: ='2026_06_sumar'!D28 -> 1101
B37: Z odprac.hodín spolu (16; 17/7...) | C37: =SUM(C38:C43) -> 0
B38: • VP1 | C38: ='2026_06_sumar'!C53 -> 0
B39: • VP2 | C39: ='2026_06_sumar'!C54 -> 0
B40: • VP3V | C40: 0
B41: • VP3M | C41: ='2026_06_sumar'!C56 -> 0
B42: • VP3T | C42: ='2026_06_sumar'!C59 -> 0
B43: • VP5 | C43: ='2026_06_sumar'!C58 -> 0
B44: Z odprac.hodín spolu xx/56xx | C44: =SUM(C45:C50) -> 0 | D44: !!!! | E44: pozor ZMENA - všetky réžijné zákazky začínajúce za lomítkom / 56xx
B45: • VP1 | C45: ='2026_06_sumar'!M101 -> 0
B46: • VP2 | C46: ='2026_06_sumar'!M102 -> 0
B47: • VP3V | C47: ='2026_06_sumar'!M103 -> 0
B48: • VP3M | C48: ='2026_06_sumar'!M104 -> 0
B49: • VP3T | C49: ='2026_06_sumar'!M105 -> 0
B50: • VP5 | C50: ='2026_06_sumar'!M106 -> 0
B52: Odprac.hod.- réžij.zák. (XX/5...) | C52: =SUM(C53:C58) -> 20.5 | D52: =C52+C60 -> 279.5
B53: • VP1 | C53: ='2026_06_sumar'!L23-C45 -> 11.5 | D53: =C53+C61 -> 80.5
B54: • VP2 | C54: ='2026_06_sumar'!L24-C46 -> 6 | D54: =C54+C62 -> 40
B55: • VP3V | C55: ='2026_06_sumar'!L25-C47 -> 0 | D55: =C55+C63 -> 76.5 | E55: =D55+D56 -> 95.5
B56: • VP3M | C56: ='2026_06_sumar'!L26-C48 -> 3 | D56: =C56+C64 -> 19
B57: • VP3T | C57: ='2026_06_sumar'!L29-C49 -> 0 | D57: =C57+C65 -> 0
B58: • VP5 | C58: ='2026_06_sumar'!L28-C50 -> 0 | D58: =C58+C66 -> 63.5
B60: Odprac.hod.- podnik réžia XX/9999 | C60: =SUM(C61:C66) -> 259
B61: • VP1 | C61: ='2026_06_sumar'!M37 -> 69
B62: • VP2 | C62: ='2026_06_sumar'!M38 -> 34
B63: • VP3V | C63: ='2026_06_sumar'!M39 -> 76.5
B64: • VP3M | C64: ='2026_06_sumar'!M40 -> 16
B65: • VP3T | C65: ='2026_06_sumar'!M43 -> 0
B66: • VP5 | C66: ='2026_06_sumar'!M42 -> 63.5

Sheet Hárok3
A1: Zákazka | B1: Názov zákazky | C1: Výrobný úsek | D1: Kategória | E1: Stredisko | F1: ZF [hod] | G1: NC [hod] | H1: Spolu [hod] | I1: obdobie | J1: Zakazka_upr | K1: cd_typ_Zákazky | L1: nm_typ_zákazky
A2: 19/8097 | B2: ToMich_3x_Výpalky | C2: VP1 | D2: JR | E2: Pálenie | F2: 1 | G2: 0 | H2: 1 | I2: 2019/11 | J2: 19/8097 | K2: 8 | L2: 8_drobné zákazky
A3: 18/0093 | B3: VEKOMA_minterain polsko | C3: VP1 | D3: JR | E3: Brúsenie | F3: 91 | G3: 9 | H3: 100 | I3: 2019/11 | J3: 18/0093 | K3: 0 | L3: jednicové zákazky
A4: 18/0093 | B4: VEKOMA_minterain polsko | C4: VP1 | D4: JR | E4: Pálenie | F4: 10 | G4: 14.25 | H4: 24.25 | I4: 2019/11 | J4: 18/0093 | K4: 0 | L4: jednicové zákazky
A5: 18/0093 | B5: VEKOMA_minterain polsko | C5: VP1 | D5: JR | E5: Rezanie | F5: 21.5 | G5: 1.5 | H5: 23 | I5: 2019/11 | J5: 18/0093 | K5: 0 | L5: jednicové zákazky
A6: 18/0093 | B6: VEKOMA_minterain polsko | C6: VP1 | D6: JR | E6: Skladanie | F6: 112 | G6: 16 | H6: 128 | I6: 2019/11 | J6: 18/0093 | K6: 0 | L6: jednicové zákazky
A7: 18/0093 | B7: VEKOMA_minterain polsko | C7: VP1 | D7: JR | E7: Strihanie | F7: 5 | G7: 0 | H7: 5 | I7: 2019/11 | J7: 18/0093 | K7: 0 | L7: jednicové zákazky
A8: 18/0093 | B8: VEKOMA_minterain polsko | C8: VP1 | D8: JR | E8: Zváranie | F8: 27.5 | G8: 0 | H8: 27.5 | I8: 2019/11 | J8: 18/0093 | K8: 0 | L8: jednicové zákazky
A9: 19/8094 | B9: ToMich_10x_Pálenie+materiál | C9: VP1 | D9: JR | E9: Pálenie | F9: 1 | G9: 0 | H9: 1 | I9: 2019/11 | J9: 19/8094 | K9: 8 | L9: 8_drobné zákazky
A10: 19/0165 | B10: VEM_1x_Fundamentrahmen | C10: VP1 | D10: JR | E10: Strihanie | F10: 3.5 | G10: 0 | H10: 3.5 | I10: 2019/11 | J10: 19/0165 | K10: 0 | L10: jednicové zákazky
A11: 19/0165 | B11: VEM_1x_Fundamentrahmen | C11: VP1 | D11: JR | E11: Pálenie | F11: 3 | G11: 0 | H11: 3 | I11: 2019/11 | J11: 19/0165 | K11: 0 | L11: jednicové zákazky
A12: 19/0165 | B12: VEM_1x_Fundamentrahmen | C12: VP1 | D12: JR | E12: Brúsenie | F12: 4 | G12: 0 | H12: 4 | I12: 2019/11 | J12: 19/0165 | K12: 0 | L12: jednicové zákazky
A13: 19/0164 | B13: VEM_2x_Gehäuse | C13: VP1 | D13: JR | E13: Strihanie | F13: 10 | G13: 0 | H13: 10 | I13: 2019/11 | J13: 19/0164 | K13: 0 | L13: jednicové zákazky
... A114: 19/0055 | B114: VEKOMA_1x_STC-Stanica | C114: VP1 | D114: JR | E114: Rezanie | F114: 3 | G114: 3 | H114: 6 | I114: 2019/11 | J114: 19/0055 | K114: 0 | L114: jednicové zákazky

Sheet Hárok5
A1: Zákazka | B1: Názov zákazky | C1: Výrobný úsek | D1: Kategória | E1: Stredisko | F1: ZF [hod] | G1: NC [hod] | H1: Spolu [hod] | I1: obdobie | J1: Zakazka_upr | K1: cd_typ_Zákazky | L1: nm_typ_zákazky
A2: 22/8046 | B2: Strihanie plechu 2 ks | C2: VP1 | D2: JR | E2: Brúsenie | F2: 0.5 | G2: 0 | H2: 0.5 | I2: 2022/06 | J2: 22/8046 | K2: 8 | L2: 8_drobné zákazky
A3: 21/0121 | B3: 3D dráha Family Boomerang | C3: VP1 | D3: JR | E3: Brúsenie | F3: 8 | G3: 0 | H3: 8 | I3: 2022/06 | J3: 21/0121 | K3: 0 | L3: jednicové zákazky
A4: 21/0121 | B4: 3D dráha Family Boomerang | C4: VP1 | D4: JR | E4: Ostatné | F4: 16 | G4: 0 | H4: 16 | I4: 2022/06 | J4: 21/0121 | K4: 0 | L4: jednicové zákazky
A5: 22/8042 | B5: Rezanie | C5: VP1 | D5: JR | E5: Brúsenie | F5: 1 | G5: 0 | H5: 1 | I5: 2022/06 | J5: 22/8042 | K5: 8 | L5: 8_drobné zákazky
A6: 21/0140 | B6: Stĺpy pre Slide Wheel | C6: VP1 | D6: JR | E6: Brúsenie | F6: 27.5 | G6: 2 | H6: 29.5 | I6: 2022/06 | J6: 21/0140 | K6: 0 | L6: jednicové zákazky
A7: 21/0140 | B7: Stĺpy pre Slide Wheel | C7: VP1 | D7: JR | E7: Pálenie | F7: 22 | G7: 0 | H7: 22 | I7: 2022/06 | J7: 21/0140 | K7: 0 | L7: jednicové zákazky
A8: 21/0140 | B8: Stĺpy pre Slide Wheel | C8: VP1 | D8: JR | E8: Rezanie | F8: 20 | G8: 0 | H8: 20 | I8: 2022/06 | J8: 21/0140 | K8: 0 | L8: jednicové zákazky
A9: 22/8035 | B9: Skruženie profili I300 1 ks | C9: VP1 | D9: JR | E9: Ohýbanie rúr | F9: 22.5 | G9: 0 | H9: 22.5 | I9: 2022/06 | J9: 22/8035 | K9: 8 | L9: 8_drobné zákazky
A10: 22/8035 | B10: Skruženie profili I300 1 ks | C10: VP1 | D10: JR | E10: Brúsenie | F10: 16 | G10: 0 | H10: 16 | I10: 2022/06 | J10: 22/8035 | K10: 8 | L10: 8_drobné zákazky
A11: 21/0200 | B11: 2D SFC Phoenix Vodante | C11: VP1 | D11: JR | E11: Brúsenie | F11: 24 | G11: 0 | H11: 24 | I11: 2022/06 | J11: 21/0200 | K11: 0 | L11: jednicové zákazky
A12: 22/0121 | B12: Abdeckung | C12: VP1 | D12: JR | E12: Rezanie | F12: 5 | G12: 0 | H12: 5 | I12: 2022/06 | J12: 22/0121 | K12: 0 | L12: jednicové zákazky
A13: 22/0121 | B13: Abdeckung | C13: VP1 | D13: JR | E13: Brúsenie | F13: 14 | G13: 0 | H13: 14 | I13: 2022/06 | J13: 22/0121 | K13: 0 | L13: jednicové zákazky
... A233: 22/0078 | B233: Dráha 3D-Tilt Coaster-Energylandia | C233: VP5 | D233: JR | E233: Pieskov.dielce | F233: 16 | G233: 2.5 | H233: 18.5 | I233: 2022/06 | J233: 22/0078 | K233: 0 | L233: jednicové zákazky

Sheet 2026_06_rozpočet_RN_sumar
D4: 2026/06 Režijné Náklady spolu | I4: 557403
D5: a) Zúčtovanie RN do zákaziek na základe odvedených hodín (JZ+drobn.zák.) | I5: 360926.25
D6: b) Zúčtovanie RN do zákaziek na základe odvedených hodín 25/5605 | I6: 0
D7: c) Zúčtovanie RN do zákaziek na základe odvedených hodín 25/5606 | I7: 0
D8: d) Zúčtovanie RN do zákaziek na základe odvedených hodín 25/5608 | I8: 0
D9: e)Zúčtovanie RN ako internej prepravy a manipulácie (JZ) | I9: 23344
D10: f)Zúčtovanie RN ako internej prepravy a manipulácie 25/5608 | I10: 0
D12: Zúčtovaná réžia spolu (a): | I12: =I5+I6+I9+I10+I7 -> 384270.25
D13: Nerozpustená réžia | I13: =I4-I12 -> 173132.75
D14: c) Výpočet réžie - pre neodvedené hodiny podľa časového fondu (plánu) | I14: =-I81 -> 92886.375
D15: d)Výskumno vývojové zákazky | I15: 0
D16: interná preprava (N strediska Doprava) | I16: 10506 | J16: =I13-I14-I15-I16 -> 69740.375
D17: e)Prekročené RN oproti plánu | I17: 0
D18: f) Odstup. Odchodné | I18: 0
I19: =I13-I14-I15-I17-I18 -> 80246.375
D21: A) Rozpustenie Režijných nákladov do zákaziek na základe odvedených hodín
G22: Fréza + horizontka + Karusel + lakovanie + Pieskovanie
G23: obdobie | H23: (Všetko)
C24: Jednicové zákazky+Drobné z. | D24: obdobie | E24: (Všetko) | G24: nm_typ_zákazky | H24: (Viacero položiek)
D25: nm_typ_zákazky | E25: (Viacero položiek) | G25: Stredisko | H25: (Viacero položiek) | L25: sadzba VO
K26: Zákl. sadzba | L26: F+H+K+P+L
D27: Označenia riadkov | E27: Súčet z Spolu [hod] | G27: Označenia riadkov | H27: Súčet z Spolu [hod] | K27: 18 | L27: 25 | M27: Spolu
D28: JR | E28: 8095 | G28: JR | H28: 1834.25 | J28: =D28 -> JR | K28: =$K$27*E28 -> 145710 | L28: =H28*$L$27 -> 45856.25 | M28: =L28+K28 -> 191566.25
D29: VP1 | E29: 3000.75 | G29: VP1 | J29: =D29 -> VP1 | K29: =$K$27*E29 -> 54013.5 | L29: =H29*$L$27 -> 0 | M29: =L29+K29 -> 54013.5 | O29: =J29 -> VP1 | P29: =M29+M36+M43 -> 54013.5
D30: VP2 | E30: 1986.5 | G30: VP2 | J30: =D30 -> VP2 | K30: =$K$27*E30 -> 35757 | L30: =H30*$L$27 -> 0 | M30: =L30+K30 -> 35757 | O30: =J30 -> VP2 | P30: =M30+M37+M44 -> 205117
D31: VP3V | E31: 1093.5 | G31: VP3V | H31: 913 | J31: =D31 -> VP3V | K31: =$K$27*E31 -> 19683 | L31: =H31*$L$27 -> 22825 | M31: =L31+K31 -> 42508 | O31: =J31 -> VP3V | P31: =M31+M38+M45 -> 138988
D32: VP3M | E32: 1126.75 | G32: VP3M | H32: 783.25 | J32: =D32 -> VP3M | K32: =$K$27*E32 -> 20281.5 | L32: =H32*$L$27 -> 19581.25 | M32: =L32+K32 -> 39862.75 | O32: =J32 -> VP3M | P32: =M32+M39+M46 -> 54829.75
D33: VP4 | G33: VP4 | J33: =D33 -> VP4 | K33: =$K$27*E33 -> 0 | L33: =H33*$L$27 -> 0 | M33: =L33+K33 -> 0 | O33: =J33 -> VP4 | P33: =M33+M40+M47 -> 0
D34: VP5 | E34: 629.5 | G34: VP5 | H34: 138 | J34: =D34 -> VP5 | K34: =$K$27*E34 -> 11331 | L34: =H34*$L$27 -> 3450 | M34: =L34+K34 -> 14781 | O34: =J34 -> VP5 | P34: =M34+M41+M48 -> 20156
D35: VP3T | E35: 258 | G35: VP3T | J35: =D35 -> VP3T | K35: =$K$27*E35 -> 4644 | L35: =H35*$L$27 -> 0 | M35: =L35+K35 -> 4644 | O35: VP3V-Tlmače | P35: =#REF! -> #REF!
D36: RŽ | G36: RŽ | J36: =D36 -> RŽ | K36: =$K$27*E36 -> 0 | L36: =H36*$L$27 -> 0 | M36: =L36+K36 -> 0
D37: VP1 | G37: VP1 | J37: =D37 -> VP1 | K37: =$K$27*E37 -> 0 | L37: =H37*$L$27 -> 0 | M37: =L37+K37 -> 0
D38: VP2 | G38: VP2 | J38: =D38 -> VP2 | K38: =$K$27*E38 -> 0 | L38: =H38*$L$27 -> 0 | M38: =L38+K38 -> 0
D39: VP3V | G39: VP3V | J39: =D39 -> VP3V | K39: =$K$27*E39 -> 0 | L39: =H39*$L$27 -> 0 | M39: =L39+K39 -> 0
D40: VP3M | G40: VP3M | J40: =D40 -> VP3M | K40: =$K$27*E40 -> 0 | L40: =H40*$L$27 -> 0 | M40: =L40+K40 -> 0
D41: VP4 | G41: VP4 | J41: =D41 -> VP4 | K41: =$K$27*E41 -> 0 | L41: =H41*$L$27 -> 0 | M41: =L41+K41 -> 0
D42: VP5 | G42: VP5 | J42: =D42 -> VP5 | K42: =$K$27*E42 -> 0 | L42: =H42*$L$27 -> 0 | M42: =L42+K42 -> 0
D43: VP3T | G43: VP3T | J43: =D43 -> VP3T | K43: =$K$27*E43 -> 0 | L43: =H43*$L$27 -> 0 | M43: =L43+K43 -> 0
D44: ŽN+POL | E44: 7545 | G44: ŽN+POL | H44: 1342 | J44: =D44 -> ŽN+POL | K44: =$K$27*E44 -> 135810 | L44: =H44*$L$27 -> 33550 | M44: =L44+K44 -> 169360
D45: VP1 | E45: 5360 | G45: VP1 | J45: =D45 -> VP1 | K45: =$K$27*E45 -> 96480 | L45: =H45*$L$27 -> 0 | M45: =L45+K45 -> 96480
D46: VP2 | E46: 831.5 | G46: VP2 | J46: =D46 -> VP2 | K46: =$K$27*E46 -> 14967 | L46: =H46*$L$27 -> 0 | M46: =L46+K46 -> 14967
D47: VP3V | G47: VP3V | J47: =D47 -> VP3V | K47: =$K$27*E47 -> 0 | L47: =H47*$L$27 -> 0 | M47: =L47+K47 -> 0
D48: VP3M | E48: 125 | G48: VP3M | H48: 125 | J48: =D48 -> VP3M | K48: =$K$27*E48 -> 2250 | L48: =H48*$L$27 -> 3125 | M48: =L48+K48 -> 5375
D49: VP4 | G49: VP4 | J49: =D49 -> VP4 | K49: =$K$27*E49 -> 0 | L49: =H49*$L$27 -> 0 | M49: =L49+K49 -> 0
D50: VP5 | E50: 1054.5 | G50: VP5 | H50: 1043 | J50: =D50 -> VP5 | K50: =$K$27*E50 -> 18981 | L50: =H50*$L$27 -> 26075 | M50: =L50+K50 -> 45056
D51: VP3T | E51: 174 | G51: VP3T | H51: 174 | J51: =D51 -> VP3T | K51: =$K$27*E51 -> 3132 | L51: =H51*$L$27 -> 4350 | M51: =L51+K51 -> 7482
D52: Spolu | E52: 15640 | G52: Spolu | H52: 3176.25 | J52: =D52 -> Spolu | K52: =$K$27*E52 -> 281520 | L52: =H52*$L$27 -> 79406.25 | M52: =L52+K52 -> 360926.25
F53: kontrola
D54: B) Dopočítaná vyššia sadzba na VP3M a VP3V: ohýbanie, skružovanie, sústruženie | I54: =SUM(E68:G68) -> 8731.25 | J54: Výskum a vývoja | M54: ='2026_06_rozpočet_RN_zakazky_A'!G92+'2026_06_rozpočet_RN_zakazky_A'!G93 -> 0
D57: obdobie | E57: (Všetko) | F57: jednicové+drobné
D58: nm_typ_zákazky | E58: (Viacero položiek)
D60: Súčet z Spolu [hod] | E60: Označenia stĺpcov
D61: Označenia riadkov | E61: Ohýbanie | F61: Sústruženie | G61: Skružovanie | H61: Vŕtanie | I61: Celkový súčet
D62: JR | E62: 110.25 | F62: 101 | G62: 138 | H62: 95.25 | I62: 444.5
D63: VP3V | F63: 101 | I63: 101
D64: VP3M | E64: 110.25 | G64: 138 | H64: 95.25 | I64: 343.5
E68: =E62*$L$27+E65*$L$27 -> 2756.25 | F68: =F62*$L$27+F65*$L$27 -> 2525 | G68: =G62*$L$27+G65*$L$27 -> 3450 | H68: =H62*$L$27+H65*$L$27 -> 2381.25 | I68: =I62*$L$27+I65*$L$27 -> 11112.5 | J68: =J62*$L$27+J65*$L$27 -> 0 | K68: =K62*$L$27+K65*$L$27 -> 0
D71: C) Rozpustená réžia na neodvedené hodiny
J72: Zákl. sadzba | K72: sadzba VO
E73: Plán odved Nh 2026/06 | F73: Skutočnosť Nh | G73: rozdiel Nh | I73: spolu | J73: =K27 -> 18 | K73: =L27 -> 25
D74: VP1 | E74: 10506 | F74: =KUMULÁCIE!C6 -> 8360.75 | G74: =F74-E74 -> -2145.25 | I74: =SUM(J74:K74) -> -38614.5 | J74: =G74*$J$73 -> -38614.5
D75: VP2 | E75: 3926 | F75: =KUMULÁCIE!C7 -> 2818 | G75: =F75-E75 -> -1108 | I75: =SUM(J75:K75) -> -19944 | J75: =G75*$J$73 -> -19944
D76: VP3V | E76: 3229 | F76: =KUMULÁCIE!D8 -> 2345.25 | G76: =F76-E76 -> -883.75 | I76: =SUM(J76:K76) -> -35791.875 | J76: =G76*$J$73 -> -15907.5 | K76: =G76*0.9*$K$73 -> -19884.375
D77: VP3M | I77: =SUM(J77:K77) -> 0 | J77: =G77*$K$27 -> 0
D78: VP4 | G78: =F78-E78 -> 0 | I78: =SUM(J78:K78) -> 0 | J78: =G78*$K$27 -> 0
D79: VP5 | E79: 1636 | F79: =KUMULÁCIE!C11 -> 1684 | G79: =F79-E79 -> 48 | I79: =SUM(J79:K79) -> 1464 | J79: =G79*$J$73 -> 864 | K79: =G79*0.5*K73 -> 600
D80: VP3 Tlmače | E80: 502 | F80: =KUMULÁCIE!C10 -> 432 | G80: =F80-E80 -> -70 | I80: =SUM(J80:K80) -> -3010 | J80: =G80*$J$73 -> -1260 | K80: =G80*$K$73 -> -1750
D81: Spolu | E81: =SUM(E74:E80) -> 19799 | F81: =SUM(F74:F80) -> 15640 | G81: =F81-E81 -> -4159 | I81: =SUM(J81:K81) -> -92886.375 | J81: =SUM(J74:J79) -> -73602 | K81: =SUM(K74:K79) -> -19284.375
E85: aktualizácia z hodiny a časový fond
E86: jednotlivé hárky za strediská - PLÁN

Sheet 2026_06_rozpočet_RN_zakazky_A
B2: ='2026_06_rozpočet_RN_sumar'!D5 -> a) Zúčtovanie RN do zákaziek na základe odvedených hodín (JZ+drobn.zák.) | M2: rozúčtovanie odvedených hodín na zákazky | V2: doučtovanie vyššej sadzby na zákazky s velkým obrábaním F+H+K a zakazky na pieskovanie + lakovanie
B4: =ROUND(SUM(G11:G91),2) -> 360926.25 | C4: =B4='2026_06_rozpočet_RN_sumar'!I5 -> TRUE
M5: obdobie | N5: (Všetko) | P5: =P10 -> JR | Q5: =Q10 -> RŽ | R5: =R10 -> ŽN+POL | S5: =S10 -> Spolu | V5: obdobie | W5: (Všetko) | Y5: =Y10 -> JR | Z5: =Z10 -> RŽ | AA5: =AA10 -> ŽN+POL | AB5: =AB10 -> Spolu
M6: Výrobný úsek | N6: (Viacero položiek) | O6: JR+ŽN z úkolu | P6: =SUM(P11:P1048576) -> 8095 | Q6: =SUM(Q11:Q1048576) -> 0 | R6: =SUM(R11:R1048576) -> 7545 | S6: =SUM(S11:S1048576) -> 15640 | V6: Výrobný úsek | W6: (Viacero položiek) | X6: JR+ŽN z úkolu | Y6: =SUM(Y11:Y1048576) -> 1834.25 | Z6: =SUM(Z11:Z1048576) -> 0 | AA6: =SUM(AA11:AA1048576) -> 1342 | AB6: =SUM(AB11:AB1048576) -> 3176.25
M7: Stredisko | N7: (Všetko) | V7: Stredisko | W7: (Viacero položiek)
C9: JR | D9: JR | E9: ZN | F9: ZN | I9: ABRA | M9: Súčet z Spolu [hod] | P9: Kategória2 | V9: Súčet z Spolu [hod] | Y9: Kategória2
C10: 18 | D10: 25 | E10: 18 | F10: 25 | G10: Spolu | I10: douct. RN na zakazku | M10: nm_typ_zákazky | N10: Zakazka_upr | O10: Názov zákazky | P10: JR | Q10: RŽ | R10: ŽN+POL | S10: Spolu | V10: nm_typ_zákazky | W10: Zakazka_upr | X10: Názov zákazky | Y10: JR | Z10: RŽ | AA10: ŽN+POL | AB10: Spolu
B11: =N11 -> 23/0082 | C11: =$C$10*(P11+Q11) -> 1080 | D11: =IFERROR(((VLOOKUP(B11,$W$11:$AB$112,3,0)+VLOOKUP(B11,$W$11:$AB$112,4,0))*$D$10),0) -> 200 | E11: =R11*$E$10 -> 207 | F11: =IFERROR(((VLOOKUP(B11,$W$11:$AB$112,5,0))*$F$10),0) -> 0 | G11: =SUM(C11:F11) -> 1487 | I11: =SUM(D11:F11) -> 407 | M11: jednicové zákazky2 | N11: 23/0082 | O11: Základový rám 1 ks | P11: 60 | R11: 11.5 | S11: 71.5 | V11: jednicové zákazky2 | W11: 23/0082 | X11: Základový rám 1 ks | Y11: 8 | AB11: 8
B12: =N12 -> 23/0083 | C12: =$C$10*(P12+Q12) -> 1593 | D12: =IFERROR(((VLOOKUP(B12,$W$11:$AB$112,3,0)+VLOOKUP(B12,$W$11:$AB$112,4,0))*$D$10),0) -> 0 | E12: =R12*$E$10 -> 216 | F12: =IFERROR(((VLOOKUP(B12,$W$11:$AB$112,5,0))*$F$10),0) -> 200 | G12: =SUM(C12:F12) -> 2009 | I12: =SUM(D12:F12) -> 416 | M12: jednicové zákazky2 | N12: 23/0083 | O12: Základový rám 1 ks | P12: 88.5 | R12: 12 | S12: 100.5 | V12: jednicové zákazky2 | W12: 23/0083 | X12: Základový rám 1 ks | AA12: 8 | AB12: 8
B13: =N13 -> 23/0084 | C13: =$C$10*(P13+Q13) -> 360 | D13: =IFERROR(((VLOOKUP(B13,$W$11:$AB$112,3,0)+VLOOKUP(B13,$W$11:$AB$112,4,0))*$D$10),0) -> 400 | E13: =R13*$E$10 -> 144 | F13: =IFERROR(((VLOOKUP(B13,$W$11:$AB$112,5,0))*$F$10),0) -> 0 | G13: =SUM(C13:F13) -> 904 | I13: =SUM(D13:F13) -> 544 | M13: jednicové zákazky2 | N13: 23/0084 | O13: Základový rám 1 ks | P13: 20 | R13: 8 | S13: 28 | V13: jednicové zákazky2 | W13: 23/0084 | X13: Základový rám 1 ks | Y13: 16 | AB13: 16
B14: =N14 -> 25/0055 | C14: =$C$10*(P14+Q14) -> 3816 | D14: =IFERROR(((VLOOKUP(B14,$W$11:$AB$112,3,0)+VLOOKUP(B14,$W$11:$AB$112,4,0))*$D$10),0) -> 500 | E14: =R14*$E$10 -> 9576 | F14: =IFERROR(((VLOOKUP(B14,$W$11:$AB$112,5,0))*$F$10),0) -> 4512.5 | G14: =SUM(C14:F14) -> 18404.5 | I14: =SUM(D14:F14) -> 14588.5 | M14: jednicové zákazky2 | N14: 25/0055 | O14: 3D Dráha | P14: 212 | R14: 532 | S14: 744 | V14: jednicové zákazky2 | W14: 25/0055 | X14: 3D Dráha | Y14: 20 | AA14: 180.5 | AB14: 200.5
B15: =N15 -> 25/1002 | C15: =$C$10*(P15+Q15) -> 3123 | D15: =IFERROR(((VLOOKUP(B15,$W$11:$AB$112,3,0)+VLOOKUP(B15,$W$11:$AB$112,4,0))*$D$10),0) -> 4337.5 | E15: =R15*$E$10 -> 3343.5 | F15: =IFERROR(((VLOOKUP(B15,$W$11:$AB$112,5,0))*$F$10),0) -> 1943.75 | G15: =SUM(C15:F15) -> 12747.75 | I15: =SUM(D15:F15) -> 9624.75 | M15: jednicové zákazky2 | N15: 25/1002 | O15: SWITCH 9ks | P15: 173.5 | R15: 185.75 | S15: 359.25 | V15: jednicové zákazky2 | W15: 25/1002 | X15: SWITCH 9ks | Y15: 173.5 | AA15: 77.75 | AB15: 251.25
B16: =N16 -> 25/0095 | C16: =$C$10*(P16+Q16) -> 9751.5 | D16: =IFERROR(((VLOOKUP(B16,$W$11:$AB$112,3,0)+VLOOKUP(B16,$W$11:$AB$112,4,0))*$D$10),0) -> 1443.75 | E16: =R16*$E$10 -> 12451.5 | F16: =IFERROR(((VLOOKUP(B16,$W$11:$AB$112,5,0))*$F$10),0) -> 0 | G16: =SUM(C16:F16) -> 23646.75 | I16: =SUM(D16:F16) -> 13895.25 | M16: jednicové zákazky2 | N16: 25/0095 | O16: 3D DRÁHA - FBCD Karls Erlebnisdorf | P16: 541.75 | R16: 691.75 | S16: 1233.5 | V16: jednicové zákazky2 | W16: 25/0095 | X16: 3D DRÁHA - FBCD Karls Erlebnisdorf | Y16: 57.75 | AB16: 57.75
B17: =N17 -> 25/1001 | C17: =$C$10*(P17+Q17) -> 3933 | D17: =IFERROR(((VLOOKUP(B17,$W$11:$AB$112,3,0)+VLOOKUP(B17,$W$11:$AB$112,4,0))*$D$10),0) -> 1462.5 | E17: =R17*$E$10 -> 15363 | F17: =IFERROR(((VLOOKUP(B17,$W$11:$AB$112,5,0))*$F$10),0) -> 3475 | G17: =SUM(C17:F17) -> 24233.5 | I17: =SUM(D17:F17) -> 20300.5 | M17: jednicové zákazky2 | N17: 25/1001 | O17: 3D Dráha 68 ks | P17: 218.5 | R17: 853.5 | S17: 1072 | V17: jednicové zákazky2 | W17: 25/1001 | X17: 3D Dráha 68 ks | Y17: 58.5 | AA17: 139 | AB17: 197.5
B18: =N18 -> 25/1003 | C18: =$C$10*(P18+Q18) -> 576 | D18: =IFERROR(((VLOOKUP(B18,$W$11:$AB$112,3,0)+VLOOKUP(B18,$W$11:$AB$112,4,0))*$D$10),0) -> 0 | E18: =R18*$E$10 -> 756 | F18: =IFERROR(((VLOOKUP(B18,$W$11:$AB$112,5,0))*$F$10),0) -> 1050 | G18: =SUM(C18:F18) -> 2382 | I18: =SUM(D18:F18) -> 1806 | M18: jednicové zákazky2 | N18: 25/1003 | O18: 2D ku SWITCH | P18: 32 | R18: 42 | S18: 74 | V18: jednicové zákazky2 | W18: 25/1003 | X18: 2D ku SWITCH | AA18: 42 | AB18: 42
B19: =N19 -> 25/0109 | C19: =$C$10*(P19+Q19) -> 1818 | D19: =IFERROR(((VLOOKUP(B19,$W$11:$AB$112,3,0)+VLOOKUP(B19,$W$11:$AB$112,4,0))*$D$10),0) -> 387.5 | E19: =R19*$E$10 -> 1831.5 | F19: =IFERROR(((VLOOKUP(B19,$W$11:$AB$112,5,0))*$F$10),0) -> 18.75 | G19: =SUM(C19:F19) -> 4055.75 | I19: =SUM(D19:F19) -> 2237.75 | M19: jednicové zákazky2 | N19: 25/0109 | O19: 3D Dráha - SF Fiesta Texas | P19: 101 | R19: 101.75 | S19: 202.75 | V19: jednicové zákazky2 | W19: 25/0109 | X19: 3D Dráha - SF Fiesta Texas | Y19: 15.5 | AA19: 0.75 | AB19: 16.25
B20: =N20 -> 25/0115 | C20: =$C$10*(P20+Q20) -> 279 | D20: =IFERROR(((VLOOKUP(B20,$W$11:$AB$112,3,0)+VLOOKUP(B20,$W$11:$AB$112,4,0))*$D$10),0) -> 0 | E20: =R20*$E$10 -> 693 | F20: =IFERROR(((VLOOKUP(B20,$W$11:$AB$112,5,0))*$F$10),0) -> 962.5 | G20: =SUM(C20:F20) -> 1934.5 | I20: =SUM(D20:F20) -> 1655.5 | M20: jednicové zákazky2 | N20: 25/0115 | O20: Kostra statora DAX7-290ERJT 3 ks | P20: 15.5 | R20: 38.5 | S20: 54 | V20: jednicové zákazky2 | W20: 25/0115 | X20: Kostra statora DAX7-290ERJT 3 ks | AA20: 38.5 | AB20: 38.5
B21: =N21 -> 25/0122 | C21: =$C$10*(P21+Q21) -> 144 | D21: =IFERROR(((VLOOKUP(B21,$W$11:$AB$112,3,0)+VLOOKUP(B21,$W$11:$AB$112,4,0))*$D$10),0) -> 0 | E21: =R21*$E$10 -> 0 | F21: =IFERROR(((VLOOKUP(B21,$W$11:$AB$112,5,0))*$F$10),0) -> 0 | G21: =SUM(C21:F21) -> 144 | I21: =SUM(D21:F21) -> 0 | M21: jednicové zákazky2 | N21: 25/0122 | O21: Kostra statora BDAX7-168ER 3 ks | P21: 8 | S21: 8 | V21: jednicové zákazky2 | W21: 25/1004 | X21: 2D SHOW | Y21: 101 | AB21: 101
B22: =N22 -> 25/0133 | C22: =$C$10*(P22+Q22) -> 144 | D22: =IFERROR(((VLOOKUP(B22,$W$11:$AB$112,3,0)+VLOOKUP(B22,$W$11:$AB$112,4,0))*$D$10),0) -> 0 | E22: =R22*$E$10 -> 0 | F22: =IFERROR(((VLOOKUP(B22,$W$11:$AB$112,5,0))*$F$10),0) -> 0 | G22: =SUM(C22:F22) -> 144 | I22: =SUM(D22:F22) -> 0 | M22: jednicové zákazky2 | N22: 25/0133 | O22: Kostra statora DAX7-145ER 2 ks | P22: 8 | S22: 8 | V22: jednicové zákazky2 | W22: 25/0136 | X22: Kostra statora DAX7-290ERJT 7 ks | Y22: 55.5 | AA22: 95.5 | AB22: 151
B23: =N23 -> 25/1004 | C23: =$C$10*(P23+Q23) -> 2214 | D23: =IFERROR(((VLOOKUP(B23,$W$11:$AB$112,3,0)+VLOOKUP(B23,$W$11:$AB$112,4,0))*$D$10),0) -> 2525 | E23: =R23*$E$10 -> 135 | F23: =IFERROR(((VLOOKUP(B23,$W$11:$AB$112,5,0))*$F$10),0) -> 0 | G23: =SUM(C23:F23) -> 4874 | I23: =SUM(D23:F23) -> 2660 | M23: jednicové zákazky2 | N23: 25/1004 | O23: 2D SHOW | P23: 123 | R23: 7.5 | S23: 130.5 | V23: jednicové zákazky2 | W23: 25/1005 | X23: SWITCH 1 segment | Y23: 57.5 | AB23: 57.5
B24: =N24 -> 25/0087 | C24: =$C$10*(P24+Q24) -> 765 | D24: =IFERROR(((VLOOKUP(B24,$W$11:$AB$112,3,0)+VLOOKUP(B24,$W$11:$AB$112,4,0))*$D$10),0) -> 0 | E24: =R24*$E$10 -> 3717 | F24: =IFERROR(((VLOOKUP(B24,$W$11:$AB$112,5,0))*$F$10),0) -> 0 | G24: =SUM(C24:F24) -> 4482 | I24: =SUM(D24:F24) -> 3717 | M24: jednicové zákazky2 | N24: 25/0087 | O24: SWITCH 1 | P24: 42.5 | R24: 206.5 | S24: 249 | V24: jednicové zákazky2 | W24: 26/0004 | X24: Track | Y24: 115 | AA24: 156.25 | AB24: 271.25
B25: =N25 -> 25/0136 | C25: =$C$10*(P25+Q25) -> 6651 | D25: =IFERROR(((VLOOKUP(B25,$W$11:$AB$112,3,0)+VLOOKUP(B25,$W$11:$AB$112,4,0))*$D$10),0) -> 1387.5 | E25: =R25*$E$10 -> 6597 | F25: =IFERROR(((VLOOKUP(B25,$W$11:$AB$112,5,0))*$F$10),0) -> 2387.5 | G25: =SUM(C25:F25) -> 17023 | I25: =SUM(D25:F25) -> 10372 | M25: jednicové zákazky2 | N25: 25/0136 | O25: Kostra statora DAX7-290ERJT 7 ks | P25: 369.5 | R25: 366.5 | S25: 736 | V25: jednicové zákazky2 | W25: 25/0137 | X25: Kostra statora DAX62-166 7 ks | Y25: 7.75 | AB25: 7.75
B26: =N26 -> 25/1005 | C26: =$C$10*(P26+Q26) -> 1035 | D26: =IFERROR(((VLOOKUP(B26,$W$11:$AB$112,3,0)+VLOOKUP(B26,$W$11:$AB$112,4,0))*$D$10),0) -> 1437.5 | E26: =R26*$E$10 -> 0 | F26: =IFERROR(((VLOOKUP(B26,$W$11:$AB$112,5,0))*$F$10),0) -> 0 | G26: =SUM(C26:F26) -> 2472.5 | I26: =SUM(D26:F26) -> 1437.5 | M26: jednicové zákazky2 | N26: 25/1005 | O26: SWITCH 1 segment | P26: 57.5 | S26: 57.5 | V26: jednicové zákazky2 | W26: 25/1006 | X26: Draw Bridge | Y26: 26.5 | AB26: 26.5
B27: =N27 -> 26/0004 | C27: =$C$10*(P27+Q27) -> 5184 | D27: =IFERROR(((VLOOKUP(B27,$W$11:$AB$112,3,0)+VLOOKUP(B27,$W$11:$AB$112,4,0))*$D$10),0) -> 2875 | E27: =R27*$E$10 -> 2812.5 | F27: =IFERROR(((VLOOKUP(B27,$W$11:$AB$112,5,0))*$F$10),0) -> 3906.25 | G27: =SUM(C27:F27) -> 14777.75 | I27: =SUM(D27:F27) -> 9593.75 | M27: jednicové zákazky2 | N27: 26/0004 | O27: Track | P27: 288 | R27: 156.25 | S27: 444.25 | V27: jednicové zákazky2 | W27: 26/0006 | X27: Kostra statora svarek 4 ks | Y27: 7.5 | AA27: 197 | AB27: 204.5
B28: =N28 -> 25/0088 | C28: =$C$10*(P28+Q28) -> 288 | D28: =IFERROR(((VLOOKUP(B28,$W$11:$AB$112,3,0)+VLOOKUP(B28,$W$11:$AB$112,4,0))*$D$10),0) -> 0 | E28: =R28*$E$10 -> 0 | F28: =IFERROR(((VLOOKUP(B28,$W$11:$AB$112,5,0))*$F$10),0) -> 0 | G28: =SUM(C28:F28) -> 288 | I28: =SUM(D28:F28) -> 0 | M28: jednicové zákazky2 | N28: 25/0088 | O28: SWITCH 2 | P28: 16 | S28: 16 | V28: jednicové zákazky2 | W28: 25/0110 | X28: Station - SF Fiesta Texas | Y28: 14.75 | AA28: 37.75 | AB28: 52.5
B29: =N29 -> 25/0137 | C29: =$C$10*(P29+Q29) -> 1669.5 | D29: =IFERROR(((VLOOKUP(B29,$W$11:$AB$112,3,0)+VLOOKUP(B29,$W$11:$AB$112,4,0))*$D$10),0) -> 193.75 | E29: =R29*$E$10 -> 1809 | F29: =IFERROR(((VLOOKUP(B29,$W$11:$AB$112,5,0))*$F$10),0) -> 0 | G29: =SUM(C29:F29) -> 3672.25 | I29: =SUM(D29:F29) -> 2002.75 | M29: jednicové zákazky2 | N29: 25/0137 | O29: Kostra statora DAX62-166 7 ks | P29: 92.75 | R29: 100.5 | S29: 193.25 | V29: jednicové zákazky2 | W29: 25/1008 | X29: Track Load | Y29: 106.5 | AB29: 106.5
B30: =N30 -> 25/1006 | C30: =$C$10*(P30+Q30) -> 2349 | D30: =IFERROR(((VLOOKUP(B30,$W$11:$AB$112,3,0)+VLOOKUP(B30,$W$11:$AB$112,4,0))*$D$10),0) -> 662.5 | E30: =R30*$E$10 -> 3375 | F30: =IFERROR(((VLOOKUP(B30,$W$11:$AB$112,5,0))*$F$10),0) -> 0 | G30: =SUM(C30:F30) -> 6386.5 | I30: =SUM(D30:F30) -> 4037.5 | M30: jednicové zákazky2 | N30: 25/1006 | O30: Draw Bridge | P30: 130.5 | R30: 187.5 | S30: 318 | V30: jednicové zákazky2 | W30: 25/1009 | X30: Track Unload | Y30: 7.75 | AB30: 7.75
B31: =N31 -> 25/1007 | C31: =$C$10*(P31+Q31) -> 666 | D31: =IFERROR(((VLOOKUP(B31,$W$11:$AB$112,3,0)+VLOOKUP(B31,$W$11:$AB$112,4,0))*$D$10),0) -> 0 | E31: =R31*$E$10 -> 0 | F31: =IFERROR(((VLOOKUP(B31,$W$11:$AB$112,5,0))*$F$10),0) -> 0 | G31: =SUM(C31:F31) -> 666 | I31: =SUM(D31:F31) -> 0 | M31: jednicové zákazky2 | N31: 25/1007 | O31: Track Hold | P31: 37 | S31: 37 | V31: jednicové zákazky2 | W31: 26/0018 | X31: Kostra statora DG215ZU-04 3 ks | Y31: 126.25 | AA31: 67 | AB31: 193.25
B32: =N32 -> 26/0006 | C32: =$C$10*(P32+Q32) -> 6147 | D32: =IFERROR(((VLOOKUP(B32,$W$11:$AB$112,3,0)+VLOOKUP(B32,$W$11:$AB$112,4,0))*$D$10),0) -> 187.5 | E32: =R32*$E$10 -> 3762 | F32: =IFERROR(((VLOOKUP(B32,$W$11:$AB$112,5,0))*$F$10),0) -> 4925 | G32: =SUM(C32:F32) -> 15021.5 | I32: =SUM(D32:F32) -> 8874.5 | M32: jednicové zákazky2 | N32: 26/0006 | O32: Kostra statora svarek 4 ks | P32: 341.5 | R32: 209 | S32: 550.5 | V32: jednicové zákazky2 | W32: 25/0111 | X32: Launch - SF Fiesta Texas | Y32: 180.25 | AA32: 39.25 | AB32: 219.5
B33: =N33 -> 25/0110 | C33: =$C$10*(P33+Q33) -> 985.5 | D33: =IFERROR(((VLOOKUP(B33,$W$11:$AB$112,3,0)+VLOOKUP(B33,$W$11:$AB$112,4,0))*$D$10),0) -> 368.75 | E33: =R33*$E$10 -> 967.5 | F33: =IFERROR(((VLOOKUP(B33,$W$11:$AB$112,5,0))*$F$10),0) -> 943.75 | G33: =SUM(C33:F33) -> 3265.5 | I33: =SUM(D33:F33) -> 2280 | M33: jednicové zákazky2 | N33: 25/0110 | O33: Station - SF Fiesta Texas | P33: 54.75 | R33: 53.75 | S33: 108.5 | V33: jednicové zákazky2 | W33: 25/1010 | X33: Track Launch | Y33: 100.75 | AA33: 85.75 | AB33: 186.5
B34: =N34 -> 25/1008 | C34: =$C$10*(P34+Q34) -> 4374 | D34: =IFERROR(((VLOOKUP(B34,$W$11:$AB$112,3,0)+VLOOKUP(B34,$W$11:$AB$112,4,0))*$D$10),0) -> 2662.5 | E34: =R34*$E$10 -> 8523 | F34: =IFERROR(((VLOOKUP(B34,$W$11:$AB$112,5,0))*$F$10),0) -> 0 | G34: =SUM(C34:F34) -> 15559.5 | I34: =SUM(D34:F34) -> 11185.5 | M34: jednicové zákazky2 | N34: 25/1008 | O34: Track Load | P34: 243 | R34: 473.5 | S34: 716.5 | V34: jednicové zákazky2 | W34: 26/0017 | X34: Rám zakladovy opracovanie DG215 1 ks | AA34: 10.5 | AB34: 10.5
B35: =N35 -> 25/1009 | C35: =$C$10*(P35+Q35) -> 139.5 | D35: =IFERROR(((VLOOKUP(B35,$W$11:$AB$112,3,0)+VLOOKUP(B35,$W$11:$AB$112,4,0))*$D$10),0) -> 193.75 | E35: =R35*$E$10 -> 1233 | F35: =IFERROR(((VLOOKUP(B35,$W$11:$AB$112,5,0))*$F$10),0) -> 0 | G35: =SUM(C35:F35) -> 1566.25 | I35: =SUM(D35:F35) -> 1426.75 | M35: jednicové zákazky2 | N35: 25/1009 | O35: Track Unload | P35: 7.75 | R35: 68.5 | S35: 76.25 | V35: jednicové zákazky2 | W35: 26/0020 | X35: Cam rail hub 1 ks | Y35: 7.75 | AA35: 21.5 | AB35: 29.25
B36: =N36 -> 26/0018 | C36: =$C$10*(P36+Q36) -> 5341.5 | D36: =IFERROR(((VLOOKUP(B36,$W$11:$AB$112,3,0)+VLOOKUP(B36,$W$11:$AB$112,4,0))*$D$10),0) -> 3156.25 | E36: =R36*$E$10 -> 1890 | F36: =IFERROR(((VLOOKUP(B36,$W$11:$AB$112,5,0))*$F$10),0) -> 1675 | G36: =SUM(C36:F36) -> 12062.75 | I36: =SUM(D36:F36) -> 6721.25 | M36: jednicové zákazky2 | N36: 26/0018 | O36: Kostra statora DG215ZU-04 3 ks | P36: 296.75 | R36: 105 | S36: 401.75 | V36: jednicové zákazky2 | W36: 26/0024 | X36: Gehäuse 1 ks | Y36: 34 | AB36: 34
B37: =N37 -> 25/0111 | C37: =$C$10*(P37+Q37) -> 5116.5 | D37: =IFERROR(((VLOOKUP(B37,$W$11:$AB$112,3,0)+VLOOKUP(B37,$W$11:$AB$112,4,0))*$D$10),0) -> 4506.25 | E37: =R37*$E$10 -> 3676.5 | F37: =IFERROR(((VLOOKUP(B37,$W$11:$AB$112,5,0))*$F$10),0) -> 981.25 | G37: =SUM(C37:F37) -> 14280.5 | I37: =SUM(D37:F37) -> 9164 | M37: jednicové zákazky2 | N37: 25/0111 | O37: Launch - SF Fiesta Texas | P37: 284.25 | R37: 204.25 | S37: 488.5 | V37: jednicové zákazky2 | W37: 26/0028 | X37: Kostra statora BDAX7-185ER 1 ks | AA37: 30.75 | AB37: 30.75
B38: =N38 -> 25/1010 | C38: =$C$10*(P38+Q38) -> 4450.5 | D38: =IFERROR(((VLOOKUP(B38,$W$11:$AB$112,3,0)+VLOOKUP(B38,$W$11:$AB$112,4,0))*$D$10),0) -> 2518.75 | E38: =R38*$E$10 -> 18661.5 | F38: =IFERROR(((VLOOKUP(B38,$W$11:$AB$112,5,0))*$F$10),0) -> 2143.75 | G38: =SUM(C38:F38) -> 27774.5 | I38: =SUM(D38:F38) -> 23324 | M38: jednicové zákazky2 | N38: 25/1010 | O38: Track Launch | P38: 247.25 | R38: 1036.75 | S38: 1284 | V38: jednicové zákazky2 | W38: 25/0112 | X38: Storage - SF Fiesta Texas 3 ks | Y38: 18.75 | AA38: 7 | AB38: 25.75
B39: =N39 -> 26/0011 | C39: =$C$10*(P39+Q39) -> 144 | D39: =IFERROR(((VLOOKUP(B39,$W$11:$AB$112,3,0)+VLOOKUP(B39,$W$11:$AB$112,4,0))*$D$10),0) -> 0 | E39: =R39*$E$10 -> 1593 | F39: =IFERROR(((VLOOKUP(B39,$W$11:$AB$112,5,0))*$F$10),0) -> 0 | G39: =SUM(C39:F39) -> 1737 | I39: =SUM(D39:F39) -> 1593 | M39: jednicové zákazky2 | N39: 26/0011 | O39: Camrail 61 ks | P39: 8 | R39: 88.5 | S39: 96.5 | V39: jednicové zákazky2 | W39: 25/0142 | X39: Brakezone - SF Fiesta Texas | Y39: 23.25 | AA39: 5.25 | AB39: 28.5
B40: =N40 -> 26/0017 | C40: =$C$10*(P40+Q40) -> 0 | D40: =IFERROR(((VLOOKUP(B40,$W$11:$AB$112,3,0)+VLOOKUP(B40,$W$11:$AB$112,4,0))*$D$10),0) -> 0 | E40: =R40*$E$10 -> 189 | F40: =IFERROR(((VLOOKUP(B40,$W$11:$AB$112,5,0))*$F$10),0) -> 262.5 | G40: =SUM(C40:F40) -> 451.5 | I40: =SUM(D40:F40) -> 451.5 | M40: jednicové zákazky2 | N40: 26/0017 | O40: Rám zakladovy opracovanie DG215 1 ks | R40: 10.5 | S40: 10.5 | V40: jednicové zákazky2 | W40: 25/1011 | X40: Brake Zone | Y40: 4.75 | AA40: 7 | AB40: 11.75
B41: =N41 -> 26/0019 | C41: =$C$10*(P41+Q41) -> 7506 | D41: =IFERROR(((VLOOKUP(B41,$W$11:$AB$112,3,0)+VLOOKUP(B41,$W$11:$AB$112,4,0))*$D$10),0) -> 0 | E41: =R41*$E$10 -> 1458 | F41: =IFERROR(((VLOOKUP(B41,$W$11:$AB$112,5,0))*$F$10),0) -> 0 | G41: =SUM(C41:F41) -> 8964 | I41: =SUM(D41:F41) -> 1458 | M41: jednicové zákazky2 | N41: 26/0019 | O41: Kostra statora BDAX72-265ER 3 ks | P41: 417 | R41: 81 | S41: 498 | V41: jednicové zákazky2 | W41: 26/0001 | X41: Track 3D 49 ks | Y41: 100.5 | AA41: 9.25 | AB41: 109.75
B42: =N42 -> 26/0020 | C42: =$C$10*(P42+Q42) -> 5121 | D42: =IFERROR(((VLOOKUP(B42,$W$11:$AB$112,3,0)+VLOOKUP(B42,$W$11:$AB$112,4,0))*$D$10),0) -> 193.75 | E42: =R42*$E$10 -> 747 | F42: =IFERROR(((VLOOKUP(B42,$W$11:$AB$112,5,0))*$F$10),0) -> 537.5 | G42: =SUM(C42:F42) -> 6599.25 | I42: =SUM(D42:F42) -> 1478.25 | M42: jednicové zákazky2 | N42: 26/0020 | O42: Cam rail hub 1 ks | P42: 284.5 | R42: 41.5 | S42: 326 | V42: jednicové zákazky2 | W42: 26/0002 | X42: Station/Hold | Y42: 39.5 | AA42: 20.5 | AB42: 60
B43: =N43 -> 26/0024 | C43: =$C$10*(P43+Q43) -> 828 | D43: =IFERROR(((VLOOKUP(B43,$W$11:$AB$112,3,0)+VLOOKUP(B43,$W$11:$AB$112,4,0))*$D$10),0) -> 850 | E43: =R43*$E$10 -> 0 | F43: =IFERROR(((VLOOKUP(B43,$W$11:$AB$112,5,0))*$F$10),0) -> 0 | G43: =SUM(C43:F43) -> 1678 | I43: =SUM(D43:F43) -> 850 | M43: jednicové zákazky2 | N43: 26/0024 | O43: Gehäuse 1 ks | P43: 46 | S43: 46 | V43: jednicové zákazky2 | W43: 26/0003 | X43: Launch | Y43: 69.75 | AB43: 69.75
B44: =N44 -> 26/0028 | C44: =$C$10*(P44+Q44) -> 3240 | D44: =IFERROR(((VLOOKUP(B44,$W$11:$AB$112,3,0)+VLOOKUP(B44,$W$11:$AB$112,4,0))*$D$10),0) -> 0 | E44: =R44*$E$10 -> 1075.5 | F44: =IFERROR(((VLOOKUP(B44,$W$11:$AB$112,5,0))*$F$10),0) -> 768.75 | G44: =SUM(C44:F44) -> 5084.25 | I44: =SUM(D44:F44) -> 1844.25 | M44: jednicové zákazky2 | N44: 26/0028 | O44: Kostra statora BDAX7-185ER 1 ks | P44: 180 | R44: 59.75 | S44: 239.75 | V44: jednicové zákazky2 | W44: 26/0025 | X44: Kostra statora BDAX7-290ERJT 2 ks | Y44: 15.5 | AA44: 13.75 | AB44: 29.25
B45: =N45 -> 25/0112 | C45: =$C$10*(P45+Q45) -> 337.5 | D45: =IFERROR(((VLOOKUP(B45,$W$11:$AB$112,3,0)+VLOOKUP(B45,$W$11:$AB$112,4,0))*$D$10),0) -> 468.75 | E45: =R45*$E$10 -> 918 | F45: =IFERROR(((VLOOKUP(B45,$W$11:$AB$112,5,0))*$F$10),0) -> 175 | G45: =SUM(C45:F45) -> 1899.25 | I45: =SUM(D45:F45) -> 1561.75 | M45: jednicové zákazky2 | N45: 25/0112 | O45: Storage - SF Fiesta Texas 3 ks | P45: 18.75 | R45: 51 | S45: 69.75 | V45: jednicové zákazky2 | W45: 26/0026 | X45: Kostra statora BDAX62-170ER 2 ks | AA45: 4.25 | AB45: 4.25
B46: =N46 -> 25/0113 | C46: =$C$10*(P46+Q46) -> 288 | D46: =IFERROR(((VLOOKUP(B46,$W$11:$AB$112,3,0)+VLOOKUP(B46,$W$11:$AB$112,4,0))*$D$10),0) -> 0 | E46: =R46*$E$10 -> 774 | F46: =IFERROR(((VLOOKUP(B46,$W$11:$AB$112,5,0))*$F$10),0) -> 0 | G46: =SUM(C46:F46) -> 1062 | I46: =SUM(D46:F46) -> 774 | M46: jednicové zákazky2 | N46: 25/0113 | O46: Switch - SF Fiesta Texas | P46: 16 | R46: 43 | S46: 59 | V46: jednicové zákazky2 | W46: 26/0033 | X46: Gehäuse 2 ks | AA46: 14.25 | AB46: 14.25
B47: =N47 -> 25/0142 | C47: =$C$10*(P47+Q47) -> 634.5 | D47: =IFERROR(((VLOOKUP(B47,$W$11:$AB$112,3,0)+VLOOKUP(B47,$W$11:$AB$112,4,0))*$D$10),0) -> 581.25 | E47: =R47*$E$10 -> 364.5 | F47: =IFERROR(((VLOOKUP(B47,$W$11:$AB$112,5,0))*$F$10),0) -> 131.25 | G47: =SUM(C47:F47) -> 1711.5 | I47: =SUM(D47:F47) -> 1077 | M47: jednicové zákazky2 | N47: 25/0142 | O47: Brakezone - SF Fiesta Texas | P47: 35.25 | R47: 20.25 | S47: 55.5 | V47: jednicové zákazky2 | W47: 26/0036 | X47: Lagerschild 2+2 ks AJ HA.18728.99 | AA47: 6.75 | AB47: 6.75
B48: =N48 -> 25/1011 | C48: =$C$10*(P48+Q48) -> 5922 | D48: =IFERROR(((VLOOKUP(B48,$W$11:$AB$112,3,0)+VLOOKUP(B48,$W$11:$AB$112,4,0))*$D$10),0) -> 118.75 | E48: =R48*$E$10 -> 3888 | F48: =IFERROR(((VLOOKUP(B48,$W$11:$AB$112,5,0))*$F$10),0) -> 175 | G48: =SUM(C48:F48) -> 10103.75 | I48: =SUM(D48:F48) -> 4181.75 | M48: jednicové zákazky2 | N48: 25/1011 | O48: Brake Zone | P48: 329 | R48: 216 | S48: 545 | V48: jednicové zákazky2 | W48: 26/0039 | X48: Stĺpy BC Grona | Y48: 40 | AA48: 4 | AB48: 44
B49: =N49 -> 26/0001 | C49: =$C$10*(P49+Q49) -> 7983 | D49: =IFERROR(((VLOOKUP(B49,$W$11:$AB$112,3,0)+VLOOKUP(B49,$W$11:$AB$112,4,0))*$D$10),0) -> 2512.5 | E49: =R49*$E$10 -> 6453 | F49: =IFERROR(((VLOOKUP(B49,$W$11:$AB$112,5,0))*$F$10),0) -> 231.25 | G49: =SUM(C49:F49) -> 17179.75 | I49: =SUM(D49:F49) -> 9196.75 | M49: jednicové zákazky2 | N49: 26/0001 | O49: Track 3D 49 ks | P49: 443.5 | R49: 358.5 | S49: 802 | V49: jednicové zákazky2 | W49: 26/0013 | X49: Dráha | Y49: 18 | AA49: 3.5 | AB49: 21.5
B50: =N50 -> 26/0002 | C50: =$C$10*(P50+Q50) -> 1125 | D50: =IFERROR(((VLOOKUP(B50,$W$11:$AB$112,3,0)+VLOOKUP(B50,$W$11:$AB$112,4,0))*$D$10),0) -> 987.5 | E50: =R50*$E$10 -> 1656 | F50: =IFERROR(((VLOOKUP(B50,$W$11:$AB$112,5,0))*$F$10),0) -> 512.5 | G50: =SUM(C50:F50) -> 4281 | I50: =SUM(D50:F50) -> 3156 | M50: jednicové zákazky2 | N50: 26/0002 | O50: Station/Hold | P50: 62.5 | R50: 92 | S50: 154.5 | V50: jednicové zákazky2 | W50: 26/0014 | X50: Stĺpy | AA50: 1.25 | AB50: 1.25
B51: =N51 -> 26/0003 | C51: =$C$10*(P51+Q51) -> 4909.5 | D51: =IFERROR(((VLOOKUP(B51,$W$11:$AB$112,3,0)+VLOOKUP(B51,$W$11:$AB$112,4,0))*$D$10),0) -> 1743.75 | E51: =R51*$E$10 -> 1224 | F51: =IFERROR(((VLOOKUP(B51,$W$11:$AB$112,5,0))*$F$10),0) -> 0 | G51: =SUM(C51:F51) -> 7877.25 | I51: =SUM(D51:F51) -> 2967.75 | M51: jednicové zákazky2 | N51: 26/0003 | O51: Launch | P51: 272.75 | R51: 68 | S51: 340.75 | V51: jednicové zákazky2 | W51: 26/0032 | X51: Starshape | Y51: 165.5 | AA51: 11.5 | AB51: 177
B52: =N52 -> 26/0025 | C52: =$C$10*(P52+Q52) -> 2169 | D52: =IFERROR(((VLOOKUP(B52,$W$11:$AB$112,3,0)+VLOOKUP(B52,$W$11:$AB$112,4,0))*$D$10),0) -> 387.5 | E52: =R52*$E$10 -> 247.5 | F52: =IFERROR(((VLOOKUP(B52,$W$11:$AB$112,5,0))*$F$10),0) -> 343.75 | G52: =SUM(C52:F52) -> 3147.75 | I52: =SUM(D52:F52) -> 978.75 | M52: jednicové zákazky2 | N52: 26/0025 | O52: Kostra statora BDAX7-290ERJT 2 ks | P52: 120.5 | R52: 13.75 | S52: 134.25 | V52: jednicové zákazky2 | W52: 26/0035 | X52: Gehäuse 2 ks | AA52: 1.5 | AB52: 1.5
B53: =N53 -> 26/0026 | C53: =$C$10*(P53+Q53) -> 553.5 | D53: =IFERROR(((VLOOKUP(B53,$W$11:$AB$112,3,0)+VLOOKUP(B53,$W$11:$AB$112,4,0))*$D$10),0) -> 0 | E53: =R53*$E$10 -> 76.5 | F53: =IFERROR(((VLOOKUP(B53,$W$11:$AB$112,5,0))*$F$10),0) -> 106.25 | G53: =SUM(C53:F53) -> 736.25 | I53: =SUM(D53:F53) -> 182.75 | M53: jednicové zákazky2 | N53: 26/0026 | O53: Kostra statora BDAX62-170ER 2 ks | P53: 30.75 | R53: 4.25 | S53: 35 | V53: jednicové zákazky2 | W53: 26/0041 | X53: Stĺpy AC-Belantis | AA53: 3.5 | AB53: 3.5
B54: =N54 -> 26/0027 | C54: =$C$10*(P54+Q54) -> 252 | D54: =IFERROR(((VLOOKUP(B54,$W$11:$AB$112,3,0)+VLOOKUP(B54,$W$11:$AB$112,4,0))*$D$10),0) -> 0 | E54: =R54*$E$10 -> 0 | F54: =IFERROR(((VLOOKUP(B54,$W$11:$AB$112,5,0))*$F$10),0) -> 0 | G54: =SUM(C54:F54) -> 252 | I54: =SUM(D54:F54) -> 0 | M54: jednicové zákazky2 | N54: 26/0027 | O54: Kostra statora BDAX7-290ERJT 1 ks | P54: 14 | S54: 14 | V54: jednicové zákazky2 | W54: 26/0045 | X54: Aufhängung 3 ks | AA54: 1 | AB54: 1
B55: =N55 -> 26/0031 | C55: =$C$10*(P55+Q55) -> 207 | D55: =IFERROR(((VLOOKUP(B55,$W$11:$AB$112,3,0)+VLOOKUP(B55,$W$11:$AB$112,4,0))*$D$10),0) -> 0 | E55: =R55*$E$10 -> 0 | F55: =IFERROR(((VLOOKUP(B55,$W$11:$AB$112,5,0))*$F$10),0) -> 0 | G55: =SUM(C55:F55) -> 207 | I55: =SUM(D55:F55) -> 0 | M55: jednicové zákazky2 | N55: 26/0031 | O55: Kostra statora BDAX72-265ER 2 ks | P55: 11.5 | S55: 11.5 | V55: jednicové zákazky2 | W55: 26/0048 | X55: Dielce | Y55: 4 | AB55: 4
B56: =N56 -> 26/0033 | C56: =$C$10*(P56+Q56) -> 9112.5 | D56: =IFERROR(((VLOOKUP(B56,$W$11:$AB$112,3,0)+VLOOKUP(B56,$W$11:$AB$112,4,0))*$D$10),0) -> 0 | E56: =R56*$E$10 -> 256.5 | F56: =IFERROR(((VLOOKUP(B56,$W$11:$AB$112,5,0))*$F$10),0) -> 356.25 | G56: =SUM(C56:F56) -> 9725.25 | I56: =SUM(D56:F56) -> 612.75 | M56: jednicové zákazky2 | N56: 26/0033 | O56: Gehäuse 2 ks | P56: 506.25 | R56: 14.25 | S56: 520.5 | V56: jednicové zákazky2 | W56: 26/0049 | X56: Trommelkörper 1 ks | Y56: 21 | AB56: 21
B57: =N57 -> 26/0036 | C57: =$C$10*(P57+Q57) -> 0 | D57: =IFERROR(((VLOOKUP(B57,$W$11:$AB$112,3,0)+VLOOKUP(B57,$W$11:$AB$112,4,0))*$D$10),0) -> 0 | E57: =R57*$E$10 -> 391.5 | F57: =IFERROR(((VLOOKUP(B57,$W$11:$AB$112,5,0))*$F$10),0) -> 168.75 | G57: =SUM(C57:F57) -> 560.25 | I57: =SUM(D57:F57) -> 560.25 | M57: jednicové zákazky2 | N57: 26/0036 | O57: Lagerschild 2+2 ks AJ HA.18728.99 | R57: 21.75 | S57: 21.75 | V57: jednicové zákazky2 | W57: 26/0050 | X57: Trommelkörper 1 ks | Y57: 15.75 | AB57: 15.75
B58: =N58 -> 26/0039 | C58: =$C$10*(P58+Q58) -> 5256 | D58: =IFERROR(((VLOOKUP(B58,$W$11:$AB$112,3,0)+VLOOKUP(B58,$W$11:$AB$112,4,0))*$D$10),0) -> 1000 | E58: =R58*$E$10 -> 10656 | F58: =IFERROR(((VLOOKUP(B58,$W$11:$AB$112,5,0))*$F$10),0) -> 100 | G58: =SUM(C58:F58) -> 17012 | I58: =SUM(D58:F58) -> 11756 | M58: jednicové zákazky2 | N58: 26/0039 | O58: Stĺpy BC Grona | P58: 292 | R58: 592 | S58: 884
B59: =N59 -> 26/0013 | C59: =$C$10*(P59+Q59) -> 3105 | D59: =IFERROR(((VLOOKUP(B59,$W$11:$AB$112,3,0)+VLOOKUP(B59,$W$11:$AB$112,4,0))*$D$10),0) -> 450 | E59: =R59*$E$10 -> 63 | F59: =IFERROR(((VLOOKUP(B59,$W$11:$AB$112,5,0))*$F$10),0) -> 87.5 | G59: =SUM(C59:F59) -> 3705.5 | I59: =SUM(D59:F59) -> 600.5 | M59: jednicové zákazky2 | N59: 26/0013 | O59: Dráha | P59: 172.5 | R59: 3.5 | S59: 176
B60: =N60 -> 26/0014 | C60: =$C$10*(P60+Q60) -> 2169 | D60: =IFERROR(((VLOOKUP(B60,$W$11:$AB$112,3,0)+VLOOKUP(B60,$W$11:$AB$112,4,0))*$D$10),0) -> 0 | E60: =R60*$E$10 -> 22.5 | F60: =IFERROR(((VLOOKUP(B60,$W$11:$AB$112,5,0))*$F$10),0) -> 31.25 | G60: =SUM(C60:F60) -> 2222.75 | I60: =SUM(D60:F60) -> 53.75 | M60: jednicové zákazky2 | N60: 26/0014 | O60: Stĺpy | P60: 120.5 | R60: 1.25 | S60: 121.75
B61: =N61 -> 26/0032 | C61: =$C$10*(P61+Q61) -> 9261 | D61: =IFERROR(((VLOOKUP(B61,$W$11:$AB$112,3,0)+VLOOKUP(B61,$W$11:$AB$112,4,0))*$D$10),0) -> 4137.5 | E61: =R61*$E$10 -> 1728 | F61: =IFERROR(((VLOOKUP(B61,$W$11:$AB$112,5,0))*$F$10),0) -> 287.5 | G61: =SUM(C61:F61) -> 15414 | I61: =SUM(D61:F61) -> 6153 | M61: jednicové zákazky2 | N61: 26/0032 | O61: Starshape | P61: 514.5 | R61: 96 | S61: 610.5
B62: =N62 -> 26/0035 | C62: =$C$10*(P62+Q62) -> 135 | D62: =IFERROR(((VLOOKUP(B62,$W$11:$AB$112,3,0)+VLOOKUP(B62,$W$11:$AB$112,4,0))*$D$10),0) -> 0 | E62: =R62*$E$10 -> 27 | F62: =IFERROR(((VLOOKUP(B62,$W$11:$AB$112,5,0))*$F$10),0) -> 37.5 | G62: =SUM(C62:F62) -> 199.5 | I62: =SUM(D62:F62) -> 64.5 | M62: jednicové zákazky2 | N62: 26/0035 | O62: Gehäuse 2 ks | P62: 7.5 | R62: 1.5 | S62: 9
B63: =N63 -> 26/0041 | C63: =$C$10*(P63+Q63) -> 144 | D63: =IFERROR(((VLOOKUP(B63,$W$11:$AB$112,3,0)+VLOOKUP(B63,$W$11:$AB$112,4,0))*$D$10),0) -> 0 | E63: =R63*$E$10 -> 63 | F63: =IFERROR(((VLOOKUP(B63,$W$11:$AB$112,5,0))*$F$10),0) -> 87.5 | G63: =SUM(C63:F63) -> 294.5 | I63: =SUM(D63:F63) -> 150.5 | M63: jednicové zákazky2 | N63: 26/0041 | O63: Stĺpy AC-Belantis | P63: 8 | R63: 3.5 | S63: 11.5
B64: =N64 -> 26/0045 | C64: =$C$10*(P64+Q64) -> 0 | D64: =IFERROR(((VLOOKUP(B64,$W$11:$AB$112,3,0)+VLOOKUP(B64,$W$11:$AB$112,4,0))*$D$10),0) -> 0 | E64: =R64*$E$10 -> 18 | F64: =IFERROR(((VLOOKUP(B64,$W$11:$AB$112,5,0))*$F$10),0) -> 25 | G64: =SUM(C64:F64) -> 43 | I64: =SUM(D64:F64) -> 43 | M64: jednicové zákazky2 | N64: 26/0045 | O64: Aufhängung 3 ks | R64: 1 | S64: 1
B65: =N65 -> 26/0048 | C65: =$C$10*(P65+Q65) -> 211.5 | D65: =IFERROR(((VLOOKUP(B65,$W$11:$AB$112,3,0)+VLOOKUP(B65,$W$11:$AB$112,4,0))*$D$10),0) -> 100 | E65: =R65*$E$10 -> 0 | F65: =IFERROR(((VLOOKUP(B65,$W$11:$AB$112,5,0))*$F$10),0) -> 0 | G65: =SUM(C65:F65) -> 311.5 | I65: =SUM(D65:F65) -> 100 | M65: jednicové zákazky2 | N65: 26/0048 | O65: Dielce | P65: 11.75 | S65: 11.75
B66: =N66 -> 26/0049 | C66: =$C$10*(P66+Q66) -> 378 | D66: =IFERROR(((VLOOKUP(B66,$W$11:$AB$112,3,0)+VLOOKUP(B66,$W$11:$AB$112,4,0))*$D$10),0) -> 525 | E66: =R66*$E$10 -> 180 | F66: =IFERROR(((VLOOKUP(B66,$W$11:$AB$112,5,0))*$F$10),0) -> 0 | G66: =SUM(C66:F66) -> 1083 | I66: =SUM(D66:F66) -> 705 | M66: jednicové zákazky2 | N66: 26/0049 | O66: Trommelkörper 1 ks | P66: 21 | R66: 10 | S66: 31
B67: =N67 -> 26/0050 | C67: =$C$10*(P67+Q67) -> 283.5 | D67: =IFERROR(((VLOOKUP(B67,$W$11:$AB$112,3,0)+VLOOKUP(B67,$W$11:$AB$112,4,0))*$D$10),0) -> 393.75 | E67: =R67*$E$10 -> 0 | F67: =IFERROR(((VLOOKUP(B67,$W$11:$AB$112,5,0))*$F$10),0) -> 0 | G67: =SUM(C67:F67) -> 677.25 | I67: =SUM(D67:F67) -> 393.75 | M67: jednicové zákazky2 | N67: 26/0050 | O67: Trommelkörper 1 ks | P67: 15.75 | S67: 15.75
B68: =N68 -> 26/8006 | C68: =$C$10*(P68+Q68) -> 63 | D68: =IFERROR(((VLOOKUP(B68,$W$11:$AB$112,3,0)+VLOOKUP(B68,$W$11:$AB$112,4,0))*$D$10),0) -> 0 | E68: =R68*$E$10 -> 0 | F68: =IFERROR(((VLOOKUP(B68,$W$11:$AB$112,5,0))*$F$10),0) -> 0 | G68: =SUM(C68:F68) -> 63 | I68: =SUM(D68:F68) -> 0 | M68: 8_drobné zákazky | N68: 26/8006 | O68: Pálenie, skruž.+materiál 2 ks | P68: 3.5 | S68: 3.5
B69: =N69 -> 26/8025 | C69: =$C$10*(P69+Q69) -> 54 | D69: =IFERROR(((VLOOKUP(B69,$W$11:$AB$112,3,0)+VLOOKUP(B69,$W$11:$AB$112,4,0))*$D$10),0) -> 0 | E69: =R69*$E$10 -> 0 | F69: =IFERROR(((VLOOKUP(B69,$W$11:$AB$112,5,0))*$F$10),0) -> 0 | G69: =SUM(C69:F69) -> 54 | I69: =SUM(D69:F69) -> 0 | M69: 8_drobné zákazky | N69: 26/8025 | O69: Pálenie | P69: 3 | S69: 3
B70: =N70 -> 26/8003 | C70: =$C$10*(P70+Q70) -> 36 | D70: =IFERROR(((VLOOKUP(B70,$W$11:$AB$112,3,0)+VLOOKUP(B70,$W$11:$AB$112,4,0))*$D$10),0) -> 0 | E70: =R70*$E$10 -> 0 | F70: =IFERROR(((VLOOKUP(B70,$W$11:$AB$112,5,0))*$F$10),0) -> 0 | G70: =SUM(C70:F70) -> 36 | I70: =SUM(D70:F70) -> 0 | M70: 8_drobné zákazky | N70: 26/8003 | O70: Pálenie 5 ks | P70: 2 | S70: 2
B71: =N71 -> 26/8029 | C71: =$C$10*(P71+Q71) -> 180 | D71: =IFERROR(((VLOOKUP(B71,$W$11:$AB$112,3,0)+VLOOKUP(B71,$W$11:$AB$112,4,0))*$D$10),0) -> 0 | E71: =R71*$E$10 -> 0 | F71: =IFERROR(((VLOOKUP(B71,$W$11:$AB$112,5,0))*$F$10),0) -> 0 | G71: =SUM(C71:F71) -> 180 | I71: =SUM(D71:F71) -> 0 | J71: =SUM(I11:I73) -> 215216.25 | M71: 8_drobné zákazky | N71: 26/8029 | O71: Zváranie 1 ks | P71: 10 | S71: 10
B72: =N72 -> 26/8030 | C72: =$C$10*(P72+Q72) -> 108 | D72: =IFERROR(((VLOOKUP(B72,$W$11:$AB$112,3,0)+VLOOKUP(B72,$W$11:$AB$112,4,0))*$D$10),0) -> 0 | E72: =R72*$E$10 -> 0 | F72: =IFERROR(((VLOOKUP(B72,$W$11:$AB$112,5,0))*$F$10),0) -> 0 | G72: =SUM(C72:F72) -> 108 | I72: =SUM(D72:F72) -> 0 | M72: 8_drobné zákazky | N72: 26/8030 | O72: 3D pálenie rúry 1 ks | P72: 6 | S72: 6
B73: =N73 -> 0 | C73: =$C$10*(P73+Q73) -> 0 | D73: =IFERROR(((VLOOKUP(B73,$W$11:$AB$112,3,0)+VLOOKUP(B73,$W$11:$AB$112,4,0))*$D$10),0) -> 0 | E73: =R73*$E$10 -> 0 | F73: =IFERROR(((VLOOKUP(B73,$W$11:$AB$112,5,0))*$F$10),0) -> 0 | G73: =SUM(C73:F73) -> 0 | I73: =SUM(D73:F73) -> 0
B74: =N74 -> 0 | C74: =$C$10*(P74+Q74) -> 0 | D74: =IFERROR(((VLOOKUP(B74,$W$11:$AB$112,3,0)+VLOOKUP(B74,$W$11:$AB$112,4,0))*$D$10),0) -> 0 | E74: =R74*$E$10 -> 0 | F74: =IFERROR(((VLOOKUP(B74,$W$11:$AB$112,5,0))*$F$10),0) -> 0 | G74: =SUM(C74:F74) -> 0 | I74: =SUM(D74:F74) -> 0
B75: =N75 -> 0 | C75: =$C$10*(P75+Q75) -> 0 | D75: =IFERROR(((VLOOKUP(B75,$W$11:$AB$112,3,0)+VLOOKUP(B75,$W$11:$AB$112,4,0))*$D$10),0) -> 0 | E75: =R75*$E$10 -> 0 | F75: =IFERROR(((VLOOKUP(B75,$W$11:$AB$112,5,0))*$F$10),0) -> 0 | G75: =SUM(C75:F75) -> 0 | I75: =SUM(D75:F75) -> 0
B76: =N76 -> 0 | C76: =$C$10*(P76+Q76) -> 0 | D76: =IFERROR(((VLOOKUP(B76,$W$11:$AB$112,3,0)+VLOOKUP(B76,$W$11:$AB$112,4,0))*$D$10),0) -> 0 | E76: =R76*$E$10 -> 0 | F76: =IFERROR(((VLOOKUP(B76,$W$11:$AB$112,5,0))*$F$10),0) -> 0 | G76: =SUM(C76:F76) -> 0 | I76: =SUM(D76:F76) -> 0
B77: =N77 -> 0 | C77: =$C$10*(P77+Q77) -> 0 | D77: =IFERROR(((VLOOKUP(B77,$W$11:$AB$112,3,0)+VLOOKUP(B77,$W$11:$AB$112,4,0))*$D$10),0) -> 0 | E77: =R77*$E$10 -> 0 | F77: =IFERROR(((VLOOKUP(B77,$W$11:$AB$112,5,0))*$F$10),0) -> 0 | G77: =SUM(C77:F77) -> 0 | I77: =SUM(D77:F77) -> 0
B78: =N78 -> 0 | C78: =$C$10*(P78+Q78) -> 0 | D78: =IFERROR(((VLOOKUP(B78,$W$11:$AB$112,3,0)+VLOOKUP(B78,$W$11:$AB$112,4,0))*$D$10),0) -> 0 | E78: =R78*$E$10 -> 0 | F78: =IFERROR(((VLOOKUP(B78,$W$11:$AB$112,5,0))*$F$10),0) -> 0 | G78: =SUM(C78:F78) -> 0 | I78: =SUM(D78:F78) -> 0
B79: =N79 -> 0 | C79: =$C$10*(P79+Q79) -> 0 | D79: =IFERROR(((VLOOKUP(B79,$W$11:$AB$112,3,0)+VLOOKUP(B79,$W$11:$AB$112,4,0))*$D$10),0) -> 0 | E79: =R79*$E$10 -> 0 | F79: =IFERROR(((VLOOKUP(B79,$W$11:$AB$112,5,0))*$F$10),0) -> 0 | G79: =SUM(C79:F79) -> 0 | I79: =SUM(D79:F79) -> 0
B80: =N80 -> 0 | C80: =$C$10*(P80+Q80) -> 0 | D80: =IFERROR(((VLOOKUP(B80,$W$11:$AB$112,3,0)+VLOOKUP(B80,$W$11:$AB$112,4,0))*$D$10),0) -> 0 | E80: =R80*$E$10 -> 0 | F80: =IFERROR(((VLOOKUP(B80,$W$11:$AB$112,5,0))*$F$10),0) -> 0 | G80: =SUM(C80:F80) -> 0 | I80: =SUM(D80:F80) -> 0
B81: =N81 -> 0 | C81: =$C$10*(P81+Q81) -> 0 | D81: =IFERROR(((VLOOKUP(B81,$W$11:$AB$112,3,0)+VLOOKUP(B81,$W$11:$AB$112,4,0))*$D$10),0) -> 0 | E81: =R81*$E$10 -> 0 | F81: =IFERROR(((VLOOKUP(B81,$W$11:$AB$112,5,0))*$F$10),0) -> 0 | G81: =SUM(C81:F81) -> 0 | I81: =SUM(D81:F81) -> 0
B82: =N82 -> 0 | C82: =$C$10*(P82+Q82) -> 0 | D82: =IFERROR(((VLOOKUP(B82,$W$11:$AB$112,3,0)+VLOOKUP(B82,$W$11:$AB$112,4,0))*$D$10),0) -> 0 | E82: =R82*$E$10 -> 0 | F82: =IFERROR(((VLOOKUP(B82,$W$11:$AB$112,5,0))*$F$10),0) -> 0 | G82: =SUM(C82:F82) -> 0 | I82: =SUM(D82:F82) -> 0
B83: =N83 -> 0 | C83: =$C$10*(P83+Q83) -> 0 | D83: =IFERROR(((VLOOKUP(B83,$W$11:$AB$112,3,0)+VLOOKUP(B83,$W$11:$AB$112,4,0))*$D$10),0) -> 0 | E83: =R83*$E$10 -> 0 | F83: =IFERROR(((VLOOKUP(B83,$W$11:$AB$112,5,0))*$F$10),0) -> 0 | G83: =SUM(C83:F83) -> 0 | I83: =SUM(D83:F83) -> 0
B84: =N84 -> 0 | C84: =$C$10*(P84+Q84) -> 0 | D84: =IFERROR(((VLOOKUP(B84,$W$11:$AB$112,3,0)+VLOOKUP(B84,$W$11:$AB$112,4,0))*$D$10),0) -> 0 | E84: =R84*$E$10 -> 0 | F84: =IFERROR(((VLOOKUP(B84,$W$11:$AB$112,5,0))*$F$10),0) -> 0 | G84: =SUM(C84:F84) -> 0 | I84: =SUM(D84:F84) -> 0
... B112: =N112 -> 0 | C112: =$C$10*(P112+Q112) -> 0 | D112: =IFERROR(((VLOOKUP(B112,$W$11:$AB$112,3,0)+VLOOKUP(B112,$W$11:$AB$112,4,0))*$D$10),0) -> 0 | E112: =R112*$E$10 -> 0 | F112: =IFERROR(((VLOOKUP(B112,$W$11:$AB$112,5,0))*$F$10),0) -> 0 | G112: =SUM(C112:F112) -> 0 | I112: =SUM(D112:F112) -> 0
B113: Spolu : | C113: =SUM(C11:C112) -> 145710 | D113: =SUM(D11:D112) -> 45856.25 | E113: =SUM(E11:E112) -> 135810 | F113: =SUM(F11:F112) -> 33550 | G113: =SUM(G11:G112) -> 360926.25 | H113: =SUM(H11:H112) -> 0 | I113: =SUM(I11:I112) -> 215216.25
G115: =G113-G99-G100-G101-G102 -> 360926.25

Sheet 2018_12_rozpočet_RN_zakazky_B
B2: ='2026_06_rozpočet_RN_sumar'!D54 -> B) Dopočítaná vyššia sadzba na VP3M a VP3V: ohýbanie, skružovanie, sústruženie | K2: =K46 -> 0 | L2: =K2='2026_06_rozpočet_RN_sumar'!#REF! -> #REF!
B4: obdobie | C4: (Všetko)
B5: Výrobný úsek | C5: (Viacero položiek) | D5: JR+ŽN z úkolu
B6: Kategória2 | C6: (Viacero položiek)
B8: Súčet z Spolu [hod] | E8: Stredisko
B9: nm_typ_zákazky | C9: Zakazka_upr | D9: Názov zákazky | E9: Ohýbanie | F9: Skružovanie | G9: Sústruženie | H9: Vŕtanie | I9: Spolu | L9: Zákazka
B10: 8_drobné zákazky | C10: XX/9999 | D10: Podniková réžia | L10: =C10 -> XX/9999
C11: XX/9999 | D11: (prázdne) | L11: =C11 -> XX/9999
C12: XX/9999 | D12: Gehäuse 2 ks | L12: =C12 -> XX/9999
C13: XX/9999 | D13: Gehäuse 1 ks | L13: =C13 -> XX/9999
C14: XX/9999 | D14: Oprava a udržiavanie majetku | L14: =C14 -> XX/9999
C15: XX/9999 | D15: Stĺpy | L15: =C15 -> XX/9999
C16: XX/9999 | D16: Dráha | L16: =C16 -> XX/9999
C17: XX/9999 | D17: Trommelkörper 1 ks | L17: =C17 -> XX/9999
C18: XX/9999 | D18: Dielce | L18: =C18 -> XX/9999
C19: XX/9999 | D19: 3D Dráha | L19: =C19 -> XX/9999
C20: XX/9999 | D20: Základový rám 1 ks | L20: =C20 -> XX/9999
C21: XX/9999 | D21: VRTB náklady na pracovisko | L21: =C21 -> XX/9999
C22: XX/9999 | D22: Brake Zone | L22: =C22 -> XX/9999
... C46: XX/9999 | D46: Track Unload | L46: =C46 -> XX/9999
C47: XX/9999 | D47: Kostra statora DG215ZU-04 3 ks
C48: XX/9999 | D48: Launch - SF Fiesta Texas
C49: XX/9999 | D49: Track Launch
C50: XX/9999 | D50: Camrail 61 ks
C51: XX/9999 | D51: Rám zakladovy opracovanie DG215 1 ks
C52: XX/9999 | D52: Kostra statora BDAX72-265ER 3 ks
C53: XX/9999 | D53: Cam rail hub 1 ks
C54: XX/9999 | D54: Kostra statora BDAX7-185ER 1 ks
C55: XX/9999 | D55: Storage - SF Fiesta Texas 3 ks
C56: XX/9999 | D56: Switch - SF Fiesta Texas
C57: XX/9999 | D57: Brakezone - SF Fiesta Texas
C58: XX/9999 | D58: Track 3D 49 ks
... C4361: 26/8030 | D4361: 3D pálenie rúry 1 ks
B4362: 8_drobné zákazky Celková hodnota
B4363: jednicové zákazky2 | C4363: 25/1003 | D4363: 2D ku SWITCH | H4363: 16 | I4363: 16
C4364: 26/0004 | D4364: Track | H4364: 24 | I4364: 24
C4365: 25/0137 | D4365: Kostra statora DAX62-166 7 ks | E4365: 3 | I4365: 3
C4366: 25/1006 | D4366: Draw Bridge | E4366: 33 | I4366: 33
C4367: 25/1007 | D4367: Track Hold | F4367: 8 | H4367: 16 | I4367: 24
C4368: 25/0110 | D4368: Station - SF Fiesta Texas | H4368: 16 | I4368: 16
C4369: 25/1008 | D4369: Track Load | G4369: 23.5 | I4369: 23.5
C4370: 26/0018 | D4370: Kostra statora DG215ZU-04 3 ks | E4370: 8 | I4370: 8
C4371: 25/1010 | D4371: Track Launch | F4371: 32 | I4371: 32
C4372: 26/0019 | D4372: Kostra statora BDAX72-265ER 3 ks | E4372: 8 | I4372: 8
C4373: 26/0020 | D4373: Cam rail hub 1 ks | E4373: 16 | G4373: 38.75 | I4373: 54.75
C4374: 25/1011 | D4374: Brake Zone | E4374: 8 | F4374: 50 | G4374: 38.75 | I4374: 96.75
C4375: 26/0003 | D4375: Launch | F4375: 24 | I4375: 24
C4376: 26/0025 | D4376: Kostra statora BDAX7-290ERJT 2 ks | E4376: 8 | I4376: 8
C4377: 26/0026 | D4377: Kostra statora BDAX62-170ER 2 ks | H4377: 7.75 | I4377: 7.75
C4378: 26/0033 | D4378: Gehäuse 2 ks | E4378: 13.75 | H4378: 15.5 | I4378: 29.25
C4379: 26/0032 | D4379: Starshape | E4379: 5 | F4379: 24 | I4379: 29
C4380: 26/0035 | D4380: Gehäuse 2 ks | E4380: 7.5 | I4380: 7.5
B4381: jednicové zákazky2 Celková hodnota | E4381: 110.25 | F4381: 138 | G4381: 101 | H4381: 95.25 | I4381: 444.5
B4382: Spolu | E4382: 110.25 | F4382: 138 | G4382: 101 | H4382: 95.25 | I4382: 444.5

Sheet 2019_09_rozpočet_RN_zakazky_C
B2: ='2026_06_rozpočet_RN_sumar'!D14 -> c) Výpočet réžie - pre neodvedené hodiny podľa časového fondu (plánu) | F2: =G2 -> 166538.3 | G2: 166538.3 | H2: ukončené zákazky
B4: Zákazka | C4: Odved h. | D4: % podiel | E4: Doučtovanie neodved. H.
B5: =TRIM('2026_06_rozpočet_RN_zakazky_A'!B11) -> 23/0082 | C5: ='2026_06_rozpočet_RN_zakazky_A'!S11 -> 71.5 | D5: =C5/SUM($C$5:$C$102) -> 0.0045716113 | E5: =D5*'2026_06_rozpočet_RN_sumar'!$I$81 -> -424.6404
B6: =TRIM('2026_06_rozpočet_RN_zakazky_A'!B12) -> 23/0083 | C6: ='2026_06_rozpočet_RN_zakazky_A'!S12 -> 100.5 | D6: =C6/SUM($C$5:$C$151) -> #REF! | E6: =D6*'2026_06_rozpočet_RN_sumar'!$I$81 -> #REF!
B7: =TRIM('2026_06_rozpočet_RN_zakazky_A'!B13) -> 23/0084 | C7: ='2026_06_rozpočet_RN_zakazky_A'!S13 -> 28 | D7: =C7/SUM($C$5:$C$151) -> #REF! | E7: =D7*'2026_06_rozpočet_RN_sumar'!$I$81 -> #REF!
B8: =TRIM('2026_06_rozpočet_RN_zakazky_A'!B14) -> 25/0055 | C8: ='2026_06_rozpočet_RN_zakazky_A'!S14 -> 744 | D8: =C8/SUM($C$5:$C$151) -> #REF! | E8: =D8*'2026_06_rozpočet_RN_sumar'!$I$81 -> #REF!
B9: =TRIM('2026_06_rozpočet_RN_zakazky_A'!B15) -> 25/1002 | C9: ='2026_06_rozpočet_RN_zakazky_A'!S15 -> 359.25 | D9: =C9/SUM($C$5:$C$151) -> #REF! | E9: =D9*'2026_06_rozpočet_RN_sumar'!$I$81 -> #REF!
B10: =TRIM('2026_06_rozpočet_RN_zakazky_A'!B16) -> 25/0095 | C10: ='2026_06_rozpočet_RN_zakazky_A'!S16 -> 1233.5 | D10: =C10/SUM($C$5:$C$151) -> #REF! | E10: =D10*'2026_06_rozpočet_RN_sumar'!$I$81 -> #REF!
B11: =TRIM('2026_06_rozpočet_RN_zakazky_A'!B17) -> 25/1001 | C11: ='2026_06_rozpočet_RN_zakazky_A'!S17 -> 1072 | D11: =C11/SUM($C$5:$C$151) -> #REF! | E11: =D11*'2026_06_rozpočet_RN_sumar'!$I$81 -> #REF!
B12: =TRIM('2026_06_rozpočet_RN_zakazky_A'!B18) -> 25/1003 | C12: ='2026_06_rozpočet_RN_zakazky_A'!S18 -> 74 | D12: =C12/SUM($C$5:$C$151) -> #REF! | E12: =D12*'2026_06_rozpočet_RN_sumar'!$I$81 -> #REF!
B13: =TRIM('2026_06_rozpočet_RN_zakazky_A'!B19) -> 25/0109 | C13: ='2026_06_rozpočet_RN_zakazky_A'!S19 -> 202.75 | D13: =C13/SUM($C$5:$C$151) -> #REF! | E13: =D13*'2026_06_rozpočet_RN_sumar'!$I$81 -> #REF!
B14: =TRIM('2026_06_rozpočet_RN_zakazky_A'!B20) -> 25/0115 | C14: ='2026_06_rozpočet_RN_zakazky_A'!S20 -> 54 | D14: =C14/SUM($C$5:$C$151) -> #REF! | E14: =D14*'2026_06_rozpočet_RN_sumar'!$I$81 -> #REF!
B15: =TRIM('2026_06_rozpočet_RN_zakazky_A'!B21) -> 25/0122 | C15: ='2026_06_rozpočet_RN_zakazky_A'!S21 -> 8 | D15: =C15/SUM($C$5:$C$151) -> #REF! | E15: =D15*'2026_06_rozpočet_RN_sumar'!$I$81 -> #REF!
B16: =TRIM('2026_06_rozpočet_RN_zakazky_A'!B22) -> 25/0133 | C16: ='2026_06_rozpočet_RN_zakazky_A'!S22 -> 8 | D16: =C16/SUM($C$5:$C$151) -> #REF! | E16: =D16*'2026_06_rozpočet_RN_sumar'!$I$81 -> #REF!
B17: =TRIM('2026_06_rozpočet_RN_zakazky_A'!B23) -> 25/1004 | C17: ='2026_06_rozpočet_RN_zakazky_A'!S23 -> 130.5 | D17: =C17/SUM($C$5:$C$151) -> #REF! | E17: =D17*'2026_06_rozpočet_RN_sumar'!$I$81 -> #REF!
... B102: =TRIM('2026_06_rozpočet_RN_zakazky_A'!B108) -> 0 | C102: ='2026_06_rozpočet_RN_zakazky_A'!S108 -> 0 | D102: =C102/SUM($C$5:$C$151) -> #REF! | E102: =D102*'2026_06_rozpočet_RN_sumar'!$I$81 -> #REF!
B103: =TRIM('2026_06_rozpočet_RN_zakazky_A'!B109) -> 0 | C103: ='2026_06_rozpočet_RN_zakazky_A'!S109 -> 0 | D103: =C103/SUM($C$5:$C$151) -> #REF! | E103: =D103*'2026_06_rozpočet_RN_sumar'!$I$81*-1 -> #REF!
B104: =TRIM('2026_06_rozpočet_RN_zakazky_A'!B110) -> 0 | C104: ='2026_06_rozpočet_RN_zakazky_A'!S110 -> 0 | D104: =C104/SUM($C$5:$C$151) -> #REF! | E104: =D104*'2026_06_rozpočet_RN_sumar'!$I$81*-1 -> #REF!
B105: =TRIM('2026_06_rozpočet_RN_zakazky_A'!B111) -> 0 | C105: ='2026_06_rozpočet_RN_zakazky_A'!S111 -> 0 | D105: =C105/SUM($C$5:$C$151) -> #REF! | E105: =D105*'2026_06_rozpočet_RN_sumar'!$I$81*-1 -> #REF!
B106: =TRIM('2026_06_rozpočet_RN_zakazky_A'!B112) -> 0 | C106: ='2026_06_rozpočet_RN_zakazky_A'!S112 -> 0 | D106: =C106/SUM($C$5:$C$151) -> #REF! | E106: =D106*'2026_06_rozpočet_RN_sumar'!$I$81*-1 -> #REF!
B107: =TRIM('2026_06_rozpočet_RN_zakazky_A'!#REF!) -> #REF! | C107: ='2026_06_rozpočet_RN_zakazky_A'!#REF! -> #REF! | D107: =C107/SUM($C$5:$C$151) -> #REF! | E107: =D107*'2026_06_rozpočet_RN_sumar'!$I$81*-1 -> #REF!
B108: =TRIM('2026_06_rozpočet_RN_zakazky_A'!#REF!) -> #REF! | C108: ='2026_06_rozpočet_RN_zakazky_A'!#REF! -> #REF! | D108: =C108/SUM($C$5:$C$151) -> #REF! | E108: =D108*'2026_06_rozpočet_RN_sumar'!$I$81*-1 -> #REF!
B109: =TRIM('2026_06_rozpočet_RN_zakazky_A'!#REF!) -> #REF! | C109: ='2026_06_rozpočet_RN_zakazky_A'!#REF! -> #REF! | D109: =C109/SUM($C$5:$C$151) -> #REF! | E109: =D109*'2026_06_rozpočet_RN_sumar'!$I$81*-1 -> #REF!
B110: =TRIM('2026_06_rozpočet_RN_zakazky_A'!#REF!) -> #REF! | C110: ='2026_06_rozpočet_RN_zakazky_A'!#REF! -> #REF! | D110: =C110/SUM($C$5:$C$151) -> #REF! | E110: =D110*'2026_06_rozpočet_RN_sumar'!$I$81*-1 -> #REF!
B111: =TRIM('2026_06_rozpočet_RN_zakazky_A'!#REF!) -> #REF! | C111: ='2026_06_rozpočet_RN_zakazky_A'!#REF! -> #REF! | D111: =C111/SUM($C$5:$C$151) -> #REF! | E111: =D111*'2026_06_rozpočet_RN_sumar'!$I$81*-1 -> #REF!
B112: =TRIM('2026_06_rozpočet_RN_zakazky_A'!#REF!) -> #REF! | C112: ='2026_06_rozpočet_RN_zakazky_A'!#REF! -> #REF! | D112: =C112/SUM($C$5:$C$151) -> #REF! | E112: =D112*'2026_06_rozpočet_RN_sumar'!$I$81*-1 -> #REF!
B113: =TRIM('2026_06_rozpočet_RN_zakazky_A'!#REF!) -> #REF! | C113: ='2026_06_rozpočet_RN_zakazky_A'!#REF! -> #REF! | D113: =C113/SUM($C$5:$C$151) -> #REF! | E113: =D113*'2026_06_rozpočet_RN_sumar'!$I$81*-1 -> #REF!
B114: =TRIM('2026_06_rozpočet_RN_zakazky_A'!#REF!) -> #REF! | C114: ='2026_06_rozpočet_RN_zakazky_A'!#REF! -> #REF! | D114: =C114/SUM($C$5:$C$151) -> #REF! | E114: =D114*'2026_06_rozpočet_RN_sumar'!$I$81*-1 -> #REF!
B115: =TRIM('2026_06_rozpočet_RN_zakazky_A'!#REF!) -> #REF! | C115: ='2026_06_rozpočet_RN_zakazky_A'!#REF! -> #REF! | D115: =C115/SUM($C$5:$C$151) -> #REF! | E115: =D115*'2026_06_rozpočet_RN_sumar'!$I$81*-1 -> #REF!
B116: =TRIM('2026_06_rozpočet_RN_zakazky_A'!#REF!) -> #REF! | C116: ='2026_06_rozpočet_RN_zakazky_A'!#REF! -> #REF! | D116: =C116/SUM($C$5:$C$151) -> #REF! | E116: =D116*'2026_06_rozpočet_RN_sumar'!$I$81*-1 -> #REF!
B117: =TRIM('2026_06_rozpočet_RN_zakazky_A'!#REF!) -> #REF! | C117: ='2026_06_rozpočet_RN_zakazky_A'!#REF! -> #REF! | D117: =C117/SUM($C$5:$C$151) -> #REF! | E117: =D117*'2026_06_rozpočet_RN_sumar'!$I$81*-1 -> #REF!
B118: =TRIM('2026_06_rozpočet_RN_zakazky_A'!#REF!) -> #REF! | C118: ='2026_06_rozpočet_RN_zakazky_A'!#REF! -> #REF! | D118: =C118/SUM($C$5:$C$151) -> #REF! | E118: =D118*'2026_06_rozpočet_RN_sumar'!$I$81*-1 -> #REF!
... B151: =TRIM('2026_06_rozpočet_RN_zakazky_A'!#REF!) -> #REF! | C151: ='2026_06_rozpočet_RN_zakazky_A'!#REF! -> #REF! | D151: =C151/SUM($C$5:$C$151) -> #REF! | E151: =D151*'2026_06_rozpočet_RN_sumar'!$I$81*-1 -> #REF!

Sheet 2018_11_vykazane_hod_zakazky
C4: Zákazka | D4: Vykázané
D5: (platené) | F5: obdobie | G5: (Všetko)
C6: Celkom : | D6: =SUM(D7:D1048576) -> 691 | E6: =D6='2026_06_sumar'!E22 -> FALSE
C7: Drobné zákazky (XX/8000-8999) | D7: ='2026_06_sumar'!F43 -> 432 | I7: Hodnoty
C8: XX/9999 - Podniková réžia + ŠKOLENIE: 12,5h | D8: ='2026_06_sumar'!M36 -> 259 | F8: nm_typ_zákazky | G8: Zakazka_upr | H8: Názov zákazky | I8: Súčet z Spolu [hod] | J8: Počet z Výrobný úsek
F9: jednicové zákazky2 | G9: 23/0082 | H9: Základový rám 1 ks | I9: 71.5 | J9: 5 | K9: =VLOOKUP(G9,$L$9:$N$101,2,0) -> #N/A | L9: =LEFT(M9,7) -> 14/0075 | M9: 14/0075 (k 13/0142)ZIERER Dráha
B10: =LEFT(C10,7) -> 14/0075 | C10: 14/0075 (k 13/0142)ZIERER Dráha | D10: =IFERROR(VLOOKUP(B10,$G$8:$I$1048576,3,0),0) -> 0 | F10: jednicové zákazky2 | G10: 23/0083 | H10: Základový rám 1 ks | I10: 100.5 | J10: 6 | K10: =VLOOKUP(G10,$L$9:$N$101,2,0) -> #N/A | L10: =LEFT(M10,7) -> 14/0173 | M10: 14/0173 BRUSH CZ Svarek kostry statoru
B11: =LEFT(C11,7) -> 14/0173 | C11: 14/0173 BRUSH CZ Svarek kostry statoru | D11: =IFERROR(VLOOKUP(B11,$G$8:$I$1048576,3,0),0) -> 0 | F11: jednicové zákazky2 | G11: 23/0084 | H11: Základový rám 1 ks | I11: 28 | J11: 3 | K11: =VLOOKUP(G11,$L$9:$N$101,2,0) -> #N/A | L11: =LEFT(M11,7) -> 15/0190 | M11: 15/0190 GE ENERGY Base frame
B12: =LEFT(C12,7) -> 15/0190 | C12: 15/0190 GE ENERGY Base frame | D12: =IFERROR(VLOOKUP(B12,$G$8:$I$1048576,3,0),0) -> 0 | F12: jednicové zákazky2 | G12: 25/0055 | H12: 3D Dráha | I12: 744 | J12: 9 | K12: =VLOOKUP(G12,$L$9:$N$101,2,0) -> #N/A | L12: =LEFT(M12,7) -> 16/0007 | M12: 16/0007 BRUSH CZ Stator
B13: =LEFT(C13,7) -> 16/0007 | C13: 16/0007 BRUSH CZ Stator | D13: =IFERROR(VLOOKUP(B13,$G$8:$I$1048576,3,0),0) -> 0 | F13: jednicové zákazky2 | G13: 25/1002 | H13: SWITCH 9ks | I13: 359.25 | J13: 6 | K13: =VLOOKUP(G13,$L$9:$N$101,2,0) -> #N/A | L13: =LEFT(M13,7) -> 16/0091 | M13: 16/0091 VEKOMA 3D Dráha Phantasialand
B14: =LEFT(C14,7) -> 16/0091 | C14: 16/0091 VEKOMA 3D Dráha Phantasialand | D14: =IFERROR(VLOOKUP(B14,$G$8:$I$1048576,3,0),0) -> 0 | F14: jednicové zákazky2 | G14: 25/0095 | H14: 3D DRÁHA - FBCD Karls Erlebnisdorf | I14: 1233.5 | J14: 8 | K14: =VLOOKUP(G14,$L$9:$N$101,2,0) -> #N/A | L14: =LEFT(M14,7) -> 16/0163 | M14: 16/0163 GE ENERGY Socle
B15: =LEFT(C15,7) -> 16/0163 | C15: 16/0163 GE ENERGY Socle | D15: =IFERROR(VLOOKUP(B15,$G$8:$I$1048576,3,0),0) -> 0 | F15: jednicové zákazky2 | G15: 25/1001 | H15: 3D Dráha 68 ks | I15: 1072 | J15: 9 | K15: =VLOOKUP(G15,$L$9:$N$101,2,0) -> #N/A | L15: =LEFT(M15,7) -> 16/0164 | M15: 16/0164 GE ENERGY Socle
B16: =LEFT(C16,7) -> 16/0164 | C16: 16/0164 GE ENERGY Socle | D16: =IFERROR(VLOOKUP(B16,$G$8:$I$1048576,3,0),0) -> 0 | F16: jednicové zákazky2 | G16: 25/1003 | H16: 2D ku SWITCH | I16: 74 | J16: 5 | K16: =VLOOKUP(G16,$L$9:$N$101,2,0) -> #N/A | L16: =LEFT(M16,7) -> 16/0192 | M16: 16/0192 VEKOMA Switch
B17: =LEFT(C17,7) -> 16/0192 | C17: 16/0192 VEKOMA Switch | D17: =IFERROR(VLOOKUP(B17,$G$8:$I$1048576,3,0),0) -> 0 | F17: jednicové zákazky2 | G17: 25/0109 | H17: 3D Dráha - SF Fiesta Texas | I17: 202.75 | J17: 8 | K17: =VLOOKUP(G17,$L$9:$N$101,2,0) -> #N/A | L17: =LEFT(M17,7) -> 16/0193 | M17: 16/0193 VEKOMA Launch
B18: =LEFT(C18,7) -> 16/0193 | C18: 16/0193 VEKOMA Launch | D18: =IFERROR(VLOOKUP(B18,$G$8:$I$1048576,3,0),0) -> 0 | F18: jednicové zákazky2 | G18: 25/0115 | H18: Kostra statora DAX7-290ERJT 3 ks | I18: 54 | J18: 2 | K18: =VLOOKUP(G18,$L$9:$N$101,2,0) -> #N/A | L18: =LEFT(M18,7) -> 16/0195 | M18: 16/0195 VEKOMA Trim, Station
B19: =LEFT(C19,7) -> 16/0195 | C19: 16/0195 VEKOMA Trim, Station | D19: =IFERROR(VLOOKUP(B19,$G$8:$I$1048576,3,0),0) -> 0 | F19: jednicové zákazky2 | G19: 25/0122 | H19: Kostra statora BDAX7-168ER 3 ks | I19: 8 | J19: 1 | K19: =VLOOKUP(G19,$L$9:$N$101,2,0) -> #N/A | L19: =LEFT(M19,7) -> 17/0037 | M19: 17/0037 GE ENERGY Base Frame
B20: =LEFT(C20,7) -> 17/0037 | C20: 17/0037 GE ENERGY Base Frame | D20: =IFERROR(VLOOKUP(B20,$G$8:$I$1048576,3,0),0) -> 0 | F20: jednicové zákazky2 | G20: 25/0133 | H20: Kostra statora DAX7-145ER 2 ks | I20: 8 | J20: 1 | K20: =VLOOKUP(G20,$L$9:$N$101,2,0) -> #N/A | L20: =LEFT(M20,7) -> 17/0103 | M20: 17/0103 GE ENERGY Base Frame Standard
B21: =LEFT(C21,7) -> 17/0103 | C21: 17/0103 GE ENERGY Base Frame Standard | D21: =IFERROR(VLOOKUP(B21,$G$8:$I$1048576,3,0),0) -> 0 | F21: jednicové zákazky2 | G21: 25/1004 | H21: 2D SHOW | I21: 130.5 | J21: 3 | K21: =VLOOKUP(G21,$L$9:$N$101,2,0) -> #N/A | L21: =LEFT(M21,7) -> 17/0104 | M21: 17/0104 GE ENERGY Base Frame Standard
... B65: =LEFT(C65,7) -> 18/0096 | C65: 18/0096 VEM Stator | D65: =IFERROR(VLOOKUP(B65,$G$8:$I$1048576,3,0),0) -> 0 | F65: jednicové zákazky2 | G65: 26/0050 | H65: Trommelkörper 1 ks | I65: 15.75 | J65: 1 | K65: =VLOOKUP(G65,$L$9:$N$101,2,0) -> #N/A | L65: =LEFT(M65,7) -> 18/0078 | M65: 18/0078 BTS MAURER Spike Coaster Mirabilandia
B66: =LEFT(C66,7) -> 18/0097 | C66: 18/0097 BRUSH CZ Kostra statora | D66: =IFERROR(VLOOKUP(B66,$G$8:$I$1048576,3,0),0) -> 0 | F66: jednicové zákazky2 Celková hodnota | I66: 15615.5 | J66: 320 | K66: =VLOOKUP(G66,$L$9:$N$101,2,0) -> #N/A | L66: =LEFT(M66,7) -> 18/0080 | M66: 18/0080 GE ENERGY Base Frame
B67: =LEFT(C67,7) -> 18/0099 | C67: 18/0099 VEM Gehäuse | D67: =IFERROR(VLOOKUP(B67,$G$8:$I$1048576,3,0),0) -> 0 | F67: 8_drobné zákazky | G67: 26/8006 | H67: Pálenie, skruž.+materiál 2 ks | I67: 3.5 | J67: 1 | K67: =VLOOKUP(G67,$L$9:$N$101,2,0) -> #N/A | L67: =LEFT(M67,7) -> 18/0081 | M67: 18/0081 VEKOMA Sausalito Coaster
B68: =LEFT(C68,7) -> 18/0100 | C68: 18/0100 VEKOMA Oprava lávky | D68: =IFERROR(VLOOKUP(B68,$G$8:$I$1048576,3,0),0) -> 0 | F68: 8_drobné zákazky | G68: 26/8025 | H68: Pálenie | I68: 3 | J68: 1 | K68: =VLOOKUP(G68,$L$9:$N$101,2,0) -> #N/A | L68: =LEFT(M68,7) -> 18/0086 | M68: 18/0086 VEM Pressring
B69: =LEFT(C69,7) -> 18/0101 | C69: 18/0101 VEKOMA_2D Tr.tation B_Sausali | D69: =IFERROR(VLOOKUP(B69,$G$8:$I$1048576,3,0),0) -> 0 | F69: 8_drobné zákazky | G69: 26/8003 | H69: Pálenie 5 ks | I69: 2 | J69: 1 | K69: =VLOOKUP(G69,$L$9:$N$101,2,0) -> #N/A | L69: =LEFT(M69,7) -> 18/0087 | M69: 18/0087 VEM Stator
B70: =LEFT(C70,7) -> 18/0102 | C70: 18/0102 BRUSH_2x_bearing shield | D70: =IFERROR(VLOOKUP(B70,$G$8:$I$1048576,3,0),0) -> 0 | F70: 8_drobné zákazky | G70: 26/8029 | H70: Zváranie 1 ks | I70: 10 | J70: 1 | K70: =VLOOKUP(G70,$L$9:$N$101,2,0) -> #N/A | L70: =LEFT(M70,7) -> 18/0088 | M70: 18/0088 VEM Stator
B71: =LEFT(C71,7) -> 18/0103 | C71: 18/0103 BRUSH Stator for a DG | D71: =IFERROR(VLOOKUP(B71,$G$8:$I$1048576,3,0),0) -> 0 | F71: 8_drobné zákazky | G71: 26/8030 | H71: 3D pálenie rúry 1 ks | I71: 6 | J71: 2 | K71: =VLOOKUP(G71,$L$9:$N$101,2,0) -> #N/A | L71: =LEFT(M71,7) -> 18/0089 | M71: 18/0089 BRUSH CZ Kostra statora
B72: =LEFT(C72,7) -> 18/0105 | C72: 18/0105 VEM Stator | D72: =IFERROR(VLOOKUP(B72,$G$8:$I$1048576,3,0),0) -> 0 | F72: 8_drobné zákazky Celková hodnota | I72: 24.5 | J72: 6 | K72: =VLOOKUP(G72,$L$9:$N$101,2,0) -> #N/A | L72: =LEFT(M72,7) -> 18/0091 | M72: 18/0091 GERSTLAUER Lagerring
B73: =LEFT(C73,7) -> 18/0106 | C73: 18/0106 VEM Stator | D73: =IFERROR(VLOOKUP(B73,$G$8:$I$1048576,3,0),0) -> 0 | F73: 5_režijné zákazky | G73: 26/5002 | H73: Oprava a udržiavanie majetku | I73: 6 | J73: 1 | K73: =VLOOKUP(G73,$L$9:$N$101,2,0) -> #N/A | L73: =LEFT(M73,7) -> 18/0092 | M73: 18/0092 VEKOMA Dsrkride test track
B74: =LEFT(C74,7) -> 18/0107 | C74: 18/0107 VEM Pressrig | D74: =IFERROR(VLOOKUP(B74,$G$8:$I$1048576,3,0),0) -> 0 | F74: 5_režijné zákazky | G74: 26/5006 | H74: Čistenie roštov VP5 | I74: 4 | J74: 1 | K74: =VLOOKUP(G74,$L$9:$N$101,2,0) -> #N/A | L74: =LEFT(M74,7) -> 18/0093 | M74: 18/0093 VEKOMA Minetrain Poland
B75: =LEFT(C75,7) -> 18/0108 | C75: 18/0108 VEM Stator | D75: =IFERROR(VLOOKUP(B75,$G$8:$I$1048576,3,0),0) -> 0 | F75: 5_režijné zákazky | G75: 26/5004 | H75: Plazma skúšky rezov | I75: 2.5 | J75: 1 | K75: =VLOOKUP(G75,$L$9:$N$101,2,0) -> #N/A | L75: =LEFT(M75,7) -> 18/0094 | M75: 18/0094 BRUSH Bearing shield
B76: =LEFT(C76,7) -> 18/0109 | C76: 18/0109 VEM Stator | D76: =IFERROR(VLOOKUP(B76,$G$8:$I$1048576,3,0),0) -> 0 | F76: 5_režijné zákazky | G76: 26/5005 | H76: VRTB náklady na pracovisko | I76: 8 | J76: 2 | K76: =VLOOKUP(G76,$L$9:$N$101,2,0) -> #N/A | L76: =LEFT(M76,7) -> 18/0095 | M76: 18/0095 BRUSH Stator
B77: =LEFT(C77,7) -> 18/0110 | C77: 18/0110 VEKOMA Montáž motorov Family Coaster | D77: =IFERROR(VLOOKUP(B77,$G$8:$I$1048576,3,0),0) -> 0 | F77: 5_režijné zákazky Celková hodnota | I77: 20.5 | J77: 5 | K77: =VLOOKUP(G77,$L$9:$N$101,2,0) -> #N/A | L77: =LEFT(M77,7) -> 18/0096 | M77: 18/0096 VEM Stator
B78: =LEFT(C78,7) -> 18/0111 | C78: 18/0111 VEKOMA Sausalito Coaster | D78: =IFERROR(VLOOKUP(B78,$G$8:$I$1048576,3,0),0) -> 0 | F78: 9_podnik. Réžia | G78: XX/9999 | H78: Podniková réžia | I78: 259 | J78: 10 | K78: =VLOOKUP(G78,$L$9:$N$101,2,0) -> #N/A | L78: =LEFT(M78,7) -> 18/0097 | M78: 18/0097 BRUSH CZ Kostra statora
B79: =LEFT(C79,7) -> 18/0112 | C79: 18/0112 ZIERER Dráha Force 280 | D79: =IFERROR(VLOOKUP(B79,$G$8:$I$1048576,3,0),0) -> 0 | F79: 9_podnik. Réžia Celková hodnota | I79: 259 | J79: 10 | K79: =VLOOKUP(G79,$L$9:$N$101,2,0) -> #N/A | L79: =LEFT(M79,7) -> 18/0099 | M79: 18/0099 VEM Gehäuse
B80: =LEFT(C80,7) -> 18/0114 | C80: 18/0114 ZIERER Lávky_FORCE 280 | D80: =IFERROR(VLOOKUP(B80,$G$8:$I$1048576,3,0),0) -> 0 | F80: 7_Vyskum_a_vyvoj | G80: XX/9999 | H80: Podniková réžia | K80: =VLOOKUP(G80,$L$9:$N$101,2,0) -> #N/A | L80: =LEFT(M80,7) -> 18/0100 | M80: 18/0100 VEKOMA Oprava lávky
B81: =LEFT(C81,7) -> 18/0116 | C81: 18/0116 VEM Stator | D81: =IFERROR(VLOOKUP(B81,$G$8:$I$1048576,3,0),0) -> 0 | F81: 7_Vyskum_a_vyvoj | G81: XX/9999 | H81: (prázdne) | K81: =VLOOKUP(G81,$L$9:$N$101,2,0) -> #N/A | L81: =LEFT(M81,7) -> 18/0103 | M81: 18/0103 BRUSH Stator for a DG
B82: =LEFT(C82,7) -> 18/0117 | C82: 18/0117 BRUSH_2x_bearing shield | D82: =IFERROR(VLOOKUP(B82,$G$8:$I$1048576,3,0),0) -> 0 | F82: 7_Vyskum_a_vyvoj | G82: XX/9999 | H82: Gehäuse 2 ks | K82: =VLOOKUP(G82,$L$9:$N$101,2,0) -> #N/A | L82: =LEFT(M82,7) -> 18/0104 | M82: 18/0104 GERSTLAUER Stĺpy
B83: =LEFT(C83,7) -> 18/0118 | C83: 18/0118 VEKOMA Stator | D83: =IFERROR(VLOOKUP(B83,$G$8:$I$1048576,3,0),0) -> 0 | F83: 7_Vyskum_a_vyvoj | G83: XX/9999 | H83: Gehäuse 1 ks | K83: =VLOOKUP(G83,$L$9:$N$101,2,0) -> #N/A | L83: =LEFT(M83,7) -> 18/0105 | M83: 18/0105 VEM Stator
B84: =LEFT(C84,7) -> 18/0120 | C84: 18/0120 BRUSH SEM_1x_stator | D84: =IFERROR(VLOOKUP(B84,$G$8:$I$1048576,3,0),0) -> 0 | F84: 7_Vyskum_a_vyvoj | G84: XX/9999 | H84: Oprava a udržiavanie majetku | K84: =VLOOKUP(G84,$L$9:$N$101,2,0) -> #N/A | L84: =LEFT(M84,7) -> 18/0106 | M84: 18/0106 VEM Stator
B85: =LEFT(C85,7) -> 18/0121 | C85: 18/0121 BRUSH Stator for a DG | D85: =IFERROR(VLOOKUP(B85,$G$8:$I$1048576,3,0),0) -> 0 | F85: 7_Vyskum_a_vyvoj | G85: XX/9999 | H85: Stĺpy | K85: =VLOOKUP(G85,$L$9:$N$101,2,0) -> #N/A | L85: =LEFT(M85,7) -> 18/0107 | M85: 18/0107 VEM Pressrig
B86: =LEFT(C86,7) -> 18/0122 | C86: 18/0122 BRUSH_1x_bearing shield | D86: =IFERROR(VLOOKUP(B86,$G$8:$I$1048576,3,0),0) -> 0 | F86: 7_Vyskum_a_vyvoj | G86: XX/9999 | H86: Dráha | K86: =VLOOKUP(G86,$L$9:$N$101,2,0) -> #N/A | L86: =LEFT(M86,7) -> 18/0108 | M86: 18/0108 VEM Stator
B87: =LEFT(C87,7) -> 18/0123 | C87: 18/0123 VEKOMA Sausalito Coaster | D87: =IFERROR(VLOOKUP(B87,$G$8:$I$1048576,3,0),0) -> 0 | F87: 7_Vyskum_a_vyvoj | G87: XX/9999 | H87: Trommelkörper 1 ks | K87: =VLOOKUP(G87,$L$9:$N$101,2,0) -> #N/A | L87: =LEFT(M87,7) -> 18/0109 | M87: 18/0109 VEM Stator
B88: =LEFT(C88,7) -> 18/0124 | C88: 18/0124 VEM_1x_BE.20000.99 | D88: =IFERROR(VLOOKUP(B88,$G$8:$I$1048576,3,0),0) -> 0 | F88: 7_Vyskum_a_vyvoj | G88: XX/9999 | H88: Dielce | K88: =VLOOKUP(G88,$L$9:$N$101,2,0) -> #N/A | L88: =LEFT(M88,7) -> 18/0110 | M88: 18/0110 VEKOMA Montáž motorov Family Coaster
B89: =LEFT(C89,7) -> 18/0125 | C89: 18/0125 VEM_2x_BE.20079.99 | D89: =IFERROR(VLOOKUP(B89,$G$8:$I$1048576,3,0),0) -> 0 | F89: 7_Vyskum_a_vyvoj | G89: XX/9999 | H89: 3D Dráha | K89: =VLOOKUP(G89,$L$9:$N$101,2,0) -> #N/A | L89: =LEFT(M89,7) -> 18/0111 | M89: 18/0111 VEKOMA Sausalito Coaster
B90: =LEFT(C90,7) -> 18/0126 | C90: 18/0126 BRUSH Kostra statora | D90: =IFERROR(VLOOKUP(B90,$G$8:$I$1048576,3,0),0) -> 0 | F90: 7_Vyskum_a_vyvoj | G90: XX/9999 | H90: Základový rám 1 ks | K90: =VLOOKUP(G90,$L$9:$N$101,2,0) -> #N/A | L90: =LEFT(M90,7) -> 18/0116 | M90: 18/0116 VEM Stator
B91: =LEFT(C91,7) -> 18/0127 | C91: 18/0127 VEM_1x_HV.13377.99 | D91: =IFERROR(VLOOKUP(B91,$G$8:$I$1048576,3,0),0) -> 0 | F91: 7_Vyskum_a_vyvoj | G91: XX/9999 | H91: VRTB náklady na pracovisko | K91: =VLOOKUP(G91,$L$9:$N$101,2,0) -> #N/A | L91: =LEFT(M91,7) -> 18/0118 | M91: 18/0118 VEKOMA Stator
... B99: =LEFT(C99,7) -> 18/0142 | C99: 18/0142 Doppelmayr Cable Car_kolajnica | D99: =IFERROR(VLOOKUP(B99,$G$8:$I$1048576,3,0),0) -> 0 | F99: 7_Vyskum_a_vyvoj | G99: XX/9999 | H99: Kostra statora DAX7-290ERJT 3 ks | K99: =VLOOKUP(G99,$L$9:$N$101,2,0) -> #N/A | L99: =LEFT(M99,7) -> 18/5006 | M99: 18/5006 WLD Lakovacie prípravky
B100: =LEFT(C100,7) -> 18/0143 | C100: 18/0143 VEM_1x_BE.20217.99 | D100: =IFERROR(VLOOKUP(B100,$G$8:$I$1048576,3,0),0) -> 0 | F100: 7_Vyskum_a_vyvoj | G100: XX/9999 | H100: Kostra statora BDAX7-168ER 3 ks | L100: =LEFT(M100,7) -> 18/5607 | M100: 18/5607 WLD Montáž pr. Trysk.stroja
B101: =LEFT(C101,7) -> 18/0144 | C101: 18/0144 VEM_1x_BE.20218.99 | D101: =IFERROR(VLOOKUP(B101,$G$8:$I$1048576,3,0),0) -> 0 | F101: 7_Vyskum_a_vyvoj | G101: XX/9999 | H101: Kostra statora DAX7-145ER 2 ks | K101: =VLOOKUP(G101,$L$9:$N$101,2,0) -> #N/A | L101: =LEFT(M101,7)
B102: =LEFT(C102,7) -> 18/0145 | C102: 18/0145 VEM_1x_BE.20226.99 | D102: =IFERROR(VLOOKUP(B102,$G$8:$I$1048576,3,0),0) -> 0 | F102: 7_Vyskum_a_vyvoj | G102: XX/9999 | H102: 2D SHOW | K102: =VLOOKUP(G102,$L$9:$N$101,2,0) -> #N/A | L102: =LEFT(M102,7)
B103: =LEFT(C103,7) -> 18/0146 | C103: 18/0146 VEM_1x_BE18894.99 | D103: =IFERROR(VLOOKUP(B103,$G$8:$I$1048576,3,0),0) -> 0 | F103: 7_Vyskum_a_vyvoj | G103: XX/9999 | H103: SWITCH 1 | K103: =VLOOKUP(G103,$L$9:$N$101,2,0) -> #N/A | L103: =LEFT(M103,7)
B104: =LEFT(C104,7) -> 18/0147 | C104: 18/0147 BRUSH_1x_base plate | D104: =IFERROR(VLOOKUP(B104,$G$8:$I$1048576,3,0),0) -> 0 | F104: 7_Vyskum_a_vyvoj | G104: XX/9999 | H104: Kostra statora DAX7-290ERJT 7 ks | K104: =VLOOKUP(G104,$L$9:$N$101,2,0) -> #N/A | L104: =LEFT(M104,7)
B105: =LEFT(C105,7) -> 18/0148 | C105: 18/0148 BRUSH Stator core end ring | D105: =IFERROR(VLOOKUP(B105,$G$8:$I$1048576,3,0),0) -> 0 | F105: 7_Vyskum_a_vyvoj | G105: XX/9999 | H105: SWITCH 1 segment | K105: =VLOOKUP(G105,$L$9:$N$101,2,0) -> #N/A | L105: =LEFT(M105,7)
B106: =LEFT(C106,7) -> 18/0154 | C106: 18/0154 VEM_4x_BE.20239.99 | D106: =IFERROR(VLOOKUP(B106,$G$8:$I$1048576,3,0),0) -> 0 | F106: 7_Vyskum_a_vyvoj | G106: XX/9999 | H106: Track | K106: =VLOOKUP(G106,$L$9:$N$101,2,0) -> #N/A | L106: =LEFT(M106,7)
B107: =LEFT(C107,7) -> 18/0155 | C107: 18/0155 VEM_7x_CE.13128.99 | D107: =IFERROR(VLOOKUP(B107,$G$8:$I$1048576,3,0),0) -> 0 | F107: 7_Vyskum_a_vyvoj | G107: XX/9999 | H107: SWITCH 2 | K107: =VLOOKUP(G107,$L$9:$N$101,2,0) -> #N/A | L107: =LEFT(M107,7)
B108: =LEFT(C108,7) -> 18/0156 | C108: 18/0156 VEM Stator | D108: =IFERROR(VLOOKUP(B108,$G$8:$I$1048576,3,0),0) -> 0 | F108: 7_Vyskum_a_vyvoj | G108: XX/9999 | H108: Kostra statora DAX62-166 7 ks | K108: =VLOOKUP(G108,$L$9:$N$101,2,0) -> #N/A | L108: =LEFT(M108,7)
B109: =LEFT(C109,7) -> 18/0157 | C109: 18/0157 BRUSH Cover on Baseplate, Bearing shield, Manhole Cover | D109: =IFERROR(VLOOKUP(B109,$G$8:$I$1048576,3,0),0) -> 0 | F109: 7_Vyskum_a_vyvoj | G109: XX/9999 | H109: Draw Bridge | K109: =VLOOKUP(G109,$L$9:$N$101,2,0) -> #N/A | L109: =LEFT(M109,7)
B110: =LEFT(C110,7) -> 18/0158 | C110: 18/0158 VEM_1X_BE.20213.99 | D110: =IFERROR(VLOOKUP(B110,$G$8:$I$1048576,3,0),0) -> 0 | F110: 7_Vyskum_a_vyvoj | G110: XX/9999 | H110: Track Hold | K110: =VLOOKUP(G110,$L$9:$N$101,2,0) -> #N/A | L110: =LEFT(M110,7)
B111: =LEFT(C111,7) -> 18/0159 | C111: 18/0159 VEM_1x_BE.20211.99 | D111: =IFERROR(VLOOKUP(B111,$G$8:$I$1048576,3,0),0) -> 0 | F111: 7_Vyskum_a_vyvoj | G111: XX/9999 | H111: Kostra statora svarek 4 ks | K111: =VLOOKUP(G111,$L$9:$N$101,2,0) -> #N/A | L111: =LEFT(M111,7)
B112: =LEFT(C112,7) -> 18/0160 | C112: 18/0160 VEM Grundrahmen | D112: =IFERROR(VLOOKUP(B112,$G$8:$I$1048576,3,0),0) -> 0 | F112: 7_Vyskum_a_vyvoj | G112: XX/9999 | H112: Čistenie roštov VP5 | K112: =VLOOKUP(G112,$L$9:$N$101,2,0) -> #N/A | L112: =LEFT(M112,7)
... B116: =LEFT(C116,7) -> 18/0171 | C116: 18/0171 VEM Pressring | D116: =IFERROR(VLOOKUP(B116,$G$8:$I$1048576,3,0),0) -> 0 | F116: 7_Vyskum_a_vyvoj | G116: XX/9999 | H116: Track Unload | K116: =VLOOKUP(G116,$L$9:$N$101,2,0) -> #N/A | L116: =LEFT(M116,7)
B117: =LEFT(C117,7) -> 18/0172 | C117: 18/0172 BRUSH Stator | D117: =IFERROR(VLOOKUP(B117,$G$8:$I$1048576,3,0),0) -> 0 | F117: 7_Vyskum_a_vyvoj | G117: XX/9999 | H117: Kostra statora DG215ZU-04 3 ks
B118: =LEFT(C118,7) -> 17/7001 | C118: 17/7001 WLD Vývoj zar.rac.vyr.dráh a s | D118: =IFERROR(VLOOKUP(B118,$G$8:$I$1048576,3,0),0) -> 0 | F118: 7_Vyskum_a_vyvoj | G118: XX/9999 | H118: Launch - SF Fiesta Texas
B119: =LEFT(C119,7) -> 18/5002 | C119: 18/5002 WLD Brúsenie nástrojov | D119: =IFERROR(VLOOKUP(B119,$G$8:$I$1048576,3,0),0) -> 0 | F119: 7_Vyskum_a_vyvoj | G119: XX/9999 | H119: Track Launch
B120: =LEFT(C120,7) -> 18/5003 | C120: 18/5003 WLD Oprava udržiavanie majetku | D120: =IFERROR(VLOOKUP(B120,$G$8:$I$1048576,3,0),0) -> 0 | F120: 7_Vyskum_a_vyvoj | G120: XX/9999 | H120: Camrail 61 ks
B121: =LEFT(C121,7) -> 18/5006 | C121: 18/5006 WLD Lakovacie prípravky | D121: =IFERROR(VLOOKUP(B121,$G$8:$I$1048576,3,0),0) -> 0 | F121: 7_Vyskum_a_vyvoj | G121: XX/9999 | H121: Rám zakladovy opracovanie DG215 1 ks
B122: =LEFT(C122,7) -> 18/5609 | C122: 18/5609 WLD_1x_prípravky VP5 | D122: =IFERROR(VLOOKUP(B122,$G$8:$I$1048576,3,0),0) -> 0 | F122: 7_Vyskum_a_vyvoj | G122: XX/9999 | H122: Kostra statora BDAX72-265ER 3 ks
B123: =LEFT(C123,7) -> 18/5610 | C123: 18/5610 WLD rek.kladiek na skruž.DOPP | D123: =IFERROR(VLOOKUP(B123,$G$8:$I$1048576,3,0),0) -> 0 | F123: 7_Vyskum_a_vyvoj | G123: XX/9999 | H123: Cam rail hub 1 ks
B124: =LEFT(C124,7) -> 18/5611 | C124: 18/5611 WLD 2x ustavovacia platňa | D124: =IFERROR(VLOOKUP(B124,$G$8:$I$1048576,3,0),0) -> 0 | F124: 7_Vyskum_a_vyvoj | G124: XX/9999 | H124: Kostra statora BDAX7-185ER 1 ks
F125: 7_Vyskum_a_vyvoj | G125: XX/9999 | H125: Storage - SF Fiesta Texas 3 ks
F126: 7_Vyskum_a_vyvoj | G126: XX/9999 | H126: Switch - SF Fiesta Texas
F127: 7_Vyskum_a_vyvoj | G127: XX/9999 | H127: Brakezone - SF Fiesta Texas
F128: 7_Vyskum_a_vyvoj | G128: XX/9999 | H128: Track 3D 49 ks
F129: 7_Vyskum_a_vyvoj | G129: XX/9999 | H129: Station/Hold
F130: 7_Vyskum_a_vyvoj | G130: XX/9999 | H130: Launch
F131: 7_Vyskum_a_vyvoj | G131: XX/9999 | H131: Kostra statora BDAX7-290ERJT 2 ks
F132: 7_Vyskum_a_vyvoj | G132: XX/9999 | H132: Kostra statora BDAX62-170ER 2 ks
F133: 7_Vyskum_a_vyvoj | G133: XX/9999 | H133: Kostra statora BDAX7-290ERJT 1 ks
F134: 7_Vyskum_a_vyvoj | G134: XX/9999 | H134: Kostra statora BDAX72-265ER 2 ks
F135: 7_Vyskum_a_vyvoj | G135: XX/9999 | H135: Lagerschild 2+2 ks AJ HA.18728.99
F136: 7_Vyskum_a_vyvoj | G136: XX/9999 | H136: Stĺpy BC Grona
... F4431: 7_Vyskum_a_vyvoj | G4431: 26/8030 | H4431: 3D pálenie rúry 1 ks
F4432: 7_Vyskum_a_vyvoj Celková hodnota
F4433: Spolu | I4433: 15919.5 | J4433: 341

Sheet Hárok1
A1: DATUM_ZAZNAMU | B1: DOCH_OSOBNE_CISLO | C1: CINNOST | D1: ZF_SMENA | E1: ZF_HOD | F1: NC_SMENA | G1: NC_HOD | H1: ZAKAZKA | I1: DOCH_PROFESIA | J1: DOCH_STREDISKO | K1: DOCH_KATEGORIA | L1: PRIEZVISKO_MENO | M1: os. č. | N1: stred
A2: 43685 | B2: 602 | C2: Práca | D2: Nočná | E2: 7 | G2: 0 | H2: 18/0142 | I2: Brúsič-apretúra | J2: Brúsenie | K2: JR | L2: Trávnik Jaroslav | M2: 602 | N2: VP1
A3: 43685 | B3: 602 | C3: Práca | D3: Odpol | E3: 1 | G3: 0 | H3: 18/0142 | I3: Brúsič-apretúra | J3: Brúsenie | K3: JR | L3: Trávnik Jaroslav | M3: 602 | N3: VP1
A4: 43684 | B4: 602 | C4: Práca | D4: Nočná | E4: 6 | G4: 0 | H4: 18/0142 | I4: Brúsič-apretúra | J4: Brúsenie | K4: JR | L4: Trávnik Jaroslav | M4: 602 | N4: VP1
A5: 43684 | B5: 602 | C5: Práca | D5: Odpol | E5: 2 | G5: 0 | H5: 18/0142 | I5: Brúsič-apretúra | J5: Brúsenie | K5: JR | L5: Trávnik Jaroslav | M5: 602 | N5: VP1
A6: 43683 | B6: 602 | C6: Práca | D6: Nočná | E6: 7.5 | G6: 0 | H6: 18/0142 | I6: Brúsič-apretúra | J6: Brúsenie | K6: JR | L6: Trávnik Jaroslav | M6: 602 | N6: VP1
A7: 43683 | B7: 602 | C7: Práca | D7: Odpol | E7: 3 | G7: 0 | H7: 18/0142 | I7: Brúsič-apretúra | J7: Brúsenie | K7: JR | L7: Trávnik Jaroslav | M7: 602 | N7: VP1
A8: 43682 | B8: 602 | C8: Práca | D8: Nočná | E8: 7.5 | G8: 0 | H8: 18/0142 | I8: Brúsič-apretúra | J8: Brúsenie | K8: JR | L8: Trávnik Jaroslav | M8: 602 | N8: VP1
A9: 43682 | B9: 602 | C9: Práca | D9: Odpol | E9: 1 | G9: 0 | H9: 18/0142 | I9: Brúsič-apretúra | J9: Brúsenie | K9: JR | L9: Trávnik Jaroslav | M9: 602 | N9: VP1
A10: 43696 | B10: 602 | C10: Práca | D10: Odpol | E10: 5.5 | G10: 0 | H10: 19/0094 | I10: Brúsič-apretúra | J10: Brúsenie | K10: JR | L10: Trávnik Jaroslav | M10: 602 | N10: VP1
A11: 43693 | B11: 602 | C11: Práca | D11: Denná | E11: 8 | G11: 0 | H11: 19/0094 | I11: Brúsič-apretúra | J11: Brúsenie | K11: JR | L11: Trávnik Jaroslav | M11: 602 | N11: VP1
A12: 43692 | B12: 602 | C12: Práca | D12: Denná | E12: 8 | G12: 0 | H12: 19/5001 | I12: Brúsič-apretúra | J12: Brúsenie | K12: JR | L12: Trávnik Jaroslav | M12: 602 | N12: VP1
A13: 43697 | B13: 602 | C13: Práca | D13: Denná | E13: 3.5 | G13: 0 | H13: 19/0003 | I13: Brúsič-apretúra | J13: Brúsenie | K13: JR | L13: Trávnik Jaroslav | M13: 602 | N13: VP1
... A23: 43685 | B23: 601 | C23: Práca | D23: Denná | E23: 7.5 | G23: 0 | H23: 19/0075 | I23: Brúsič-apretúra | J23: Brúsenie | K23: JR | L23: Hollan Pavol | M23: 601 | N23: VP1
A24: 43684 | B24: 601 | C24: Práca | D24: Denná | E24: 8 | F24: NC35% | G24: 2.5 | H24: 18/0142 | I24: Brúsič-apretúra | J24: Brúsenie | K24: JR | L24: Hollan Pavol | M24: 601 | N24: VP1
A25: 43683 | B25: 601 | C25: Práca | D25: Denná | E25: 11.5 | G25: 0 | H25: 18/0142 | I25: Brúsič-apretúra | J25: Brúsenie | K25: JR | L25: Hollan Pavol | M25: 601 | N25: VP1
A26: 43682 | B26: 601 | C26: Práca | D26: Denná | E26: 8 | G26: 0 | H26: 18/0142 | I26: Brúsič-apretúra | J26: Brúsenie | K26: JR | L26: Hollan Pavol | M26: 601 | N26: VP1
A27: 43691 | B27: 601 | C27: Práca | D27: Odpol | E27: 0 | F27: NC35% | G27: 4 | H27: 19/0003 | I27: Brúsič-apretúra | J27: Brúsenie | K27: JR | L27: Hollan Pavol | M27: 601 | N27: VP1
A28: 43691 | B28: 601 | C28: Práca | D28: Nočná | E28: 7.5 | G28: 0 | H28: 19/0003 | I28: Brúsič-apretúra | J28: Brúsenie | K28: JR | L28: Hollan Pavol | M28: 601 | N28: VP1
A29: 43690 | B29: 601 | C29: Práca | D29: Odpol | E29: 0 | F29: NC35% | G29: 4 | H29: 19/0094 | I29: Brúsič-apretúra | J29: Brúsenie | K29: JR | L29: Hollan Pavol | M29: 601 | N29: VP1
A30: 43690 | B30: 601 | C30: Práca | D30: Odpol | E30: 0 | F30: NC35% | G30: 0 | H30: 19/0094 | I30: Brúsič-apretúra | J30: Brúsenie | K30: JR | L30: Hollan Pavol | M30: 601 | N30: VP1
A31: 43690 | B31: 601 | C31: Práca | D31: Nočná | E31: 7.5 | G31: 0 | H31: 18/0093 | I31: Brúsič-apretúra | J31: Brúsenie | K31: JR | L31: Hollan Pavol | M31: 601 | N31: VP1
A32: 43689 | B32: 601 | C32: Práca | D32: Odpol | E32: 0 | F32: NC35% | G32: 4 | H32: 18/0093 | I32: Brúsič-apretúra | J32: Brúsenie | K32: JR | L32: Hollan Pavol | M32: 601 | N32: VP1
A33: 43689 | B33: 601 | C33: Práca | D33: Nočná | E33: 7.5 | G33: 0 | H33: 18/0142 | I33: Brúsič-apretúra | J33: Brúsenie | K33: JR | L33: Hollan Pavol | M33: 601 | N33: VP1
A34: 43696 | B34: 601 | C34: Práca | D34: Denná | E34: 8 | G34: 0 | H34: 18/0142 | I34: Brúsič-apretúra | J34: Brúsenie | K34: JR | L34: Hollan Pavol | M34: 601 | N34: VP1
A35: 43693 | B35: 601 | C35: Práca | D35: Odpol | E35: 7.5 | G35: 0 | H35: 19/0098 | I35: Brúsič-apretúra | J35: Brúsenie | K35: JR | L35: Hollan Pavol | M35: 601 | N35: VP1
A36: 43692 | B36: 601 | C36: Práca | D36: Nočná | E36: 7.5 | G36: 0 | H36: 18/0093 | I36: Brúsič-apretúra | J36: Brúsenie | K36: JR | L36: Hollan Pavol | M36: 601 | N36: VP1
A37: 43699 | B37: 601 | C37: Práca | D37: Denná | E37: 3 | G37: 0 | H37: 19/0075 | I37: Brúsič-apretúra | J37: Brúsenie | K37: JR | L37: Hollan Pavol | M37: 601 | N37: VP1
A38: 43699 | B38: 601 | C38: Práca | D38: Denná | E38: 1 | G38: 0 | H38: 19/0105 | I38: Brúsič-apretúra | J38: Brúsenie | K38: JR | L38: Hollan Pavol | M38: 601 | N38: VP1
A39: 43699 | B39: 601 | C39: Práca | D39: Denná | E39: 4 | G39: 0 | H39: 19/0094 | I39: Brúsič-apretúra | J39: Brúsenie | K39: JR | L39: Hollan Pavol | M39: 601 | N39: VP1
A40: 43698 | B40: 601 | C40: Práca | D40: Denná | E40: 9 | F40: NC35% | G40: 1.5 | H40: 18/0192 | I40: Brúsič-apretúra | J40: Brúsenie | K40: JR | L40: Hollan Pavol | M40: 601 | N40: VP1
A41: 43697 | B41: 601 | C41: Práca | D41: Denná | E41: 8 | F41: NC35% | G41: 2.5 | H41: 19/0094 | I41: Brúsič-apretúra | J41: Brúsenie | K41: JR | L41: Hollan Pavol | M41: 601 | N41: VP1
A42: 43700 | B42: 601 | C42: Práca | D42: Denná | E42: 8 | G42: 0 | H42: 19/0074 | I42: Brúsič-apretúra | J42: Brúsenie | K42: JR | L42: Hollan Pavol | M42: 601 | N42: VP1
A43: 43705 | B43: 601 | C43: Práca | D43: Odpol | E43: 7.5 | G43: 0 | H43: 19/0078 | I43: Brúsič-apretúra | J43: Brúsenie | K43: JR | L43: Hollan Pavol | M43: 601 | N43: VP1
A44: 43704 | B44: 601 | C44: Práca | D44: Odpol | E44: 7.5 | G44: 0 | H44: 19/0078 | I44: Brúsič-apretúra | J44: Brúsenie | K44: JR | L44: Hollan Pavol | M44: 601 | N44: VP1
A45: 43703 | B45: 601 | C45: Práca | D45: Odpol | E45: 7.5 | G45: 0 | H45: 18/0199 | I45: Brúsič-apretúra | J45: Brúsenie | K45: JR | L45: Hollan Pavol | M45: 601 | N45: VP1
A46: 43692 | B46: 601 | C46: Práca | D46: Denná | E46: 0 | F46: NC35% | G46: 4 | H46: 19/0078 | I46: Brúsič-apretúra | J46: Brúsenie | K46: JR | L46: Hollan Pavol | M46: 601 | N46: VP1
A47: 43693 | B47: 586 | C47: Práca | D47: Denná | E47: 8 | G47: 0 | H47: 19/0077 | I47: Brúsič-apretúra | J47: Brúsenie | K47: JR | L47: Fico Lukáš | M47: 586 | N47: VP1
A48: 43692 | B48: 586 | C48: Práca | D48: Denná | E48: 6 | G48: 0 | H48: 19/0077 | I48: Brúsič-apretúra | J48: Brúsenie | K48: JR | L48: Fico Lukáš | M48: 586 | N48: VP1
A49: 43692 | B49: 586 | C49: Práca | D49: Denná | E49: 2 | G49: 0 | H49: 19/0102 | I49: Brúsič-apretúra | J49: Brúsenie | K49: JR | L49: Fico Lukáš | M49: 586 | N49: VP1
A50: 43691 | B50: 586 | C50: Práca | D50: Denná | E50: 8 | G50: 0 | H50: 19/0098 | I50: Brúsič-apretúra | J50: Brúsenie | K50: JR | L50: Fico Lukáš | M50: 586 | N50: VP1
A51: 43690 | B51: 586 | C51: Práca | D51: Denná | E51: 8 | G51: 0 | H51: 19/0098 | I51: Brúsič-apretúra | J51: Brúsenie | K51: JR | L51: Fico Lukáš | M51: 586 | N51: VP1
A52: 43689 | B52: 586 | C52: Práca | D52: Denná | E52: 1 | G52: 0 | H52: 19/0093 | I52: Brúsič-apretúra | J52: Brúsenie | K52: JR | L52: Fico Lukáš | M52: 586 | N52: VP1
A53: 43686 | B53: 586 | C53: Práca | D53: Denná | E53: 4 | G53: 0 | H53: 19/0077 | I53: Brúsič-apretúra | J53: Brúsenie | K53: JR | L53: Fico Lukáš | M53: 586 | N53: VP1
A54: 43686 | B54: 586 | C54: Práca | D54: Denná | E54: 4 | G54: 0 | H54: 19/0093 | I54: Brúsič-apretúra | J54: Brúsenie | K54: JR | L54: Fico Lukáš | M54: 586 | N54: VP1
A55: 43685 | B55: 586 | C55: Práca | D55: Denná | E55: 8 | G55: 0 | H55: 19/0077 | I55: Brúsič-apretúra | J55: Brúsenie | K55: JR | L55: Fico Lukáš | M55: 586 | N55: VP1
A56: 43684 | B56: 586 | C56: Práca | D56: Denná | E56: 8 | F56: NC35% | G56: 2 | H56: 19/0077 | I56: Brúsič-apretúra | J56: Brúsenie | K56: JR | L56: Fico Lukáš | M56: 586 | N56: VP1
A57: 43683 | B57: 586 | C57: Práca | D57: Denná | E57: 8 | G57: 0 | H57: 19/0077 | I57: Brúsič-apretúra | J57: Brúsenie | K57: JR | L57: Fico Lukáš | M57: 586 | N57: VP1
A58: 43697 | B58: 586 | C58: Práca | D58: Denná | E58: 8 | G58: 0 | H58: 19/0077 | I58: Brúsič-apretúra | J58: Brúsenie | K58: JR | L58: Fico Lukáš | M58: 586 | N58: VP1
A59: 43696 | B59: 586 | C59: Práca | D59: Denná | E59: 5.5 | G59: 0 | H59: 19/0086 | I59: Brúsič-apretúra | J59: Brúsenie | K59: JR | L59: Fico Lukáš | M59: 586 | N59: VP1
A60: 43698 | B60: 586 | C60: Práca | D60: Denná | E60: 4 | G60: 0 | H60: 19/0077 | I60: Brúsič-apretúra | J60: Brúsenie | K60: JR | L60: Fico Lukáš | M60: 586 | N60: VP1
A61: 43698 | B61: 586 | C61: Práca | D61: Denná | E61: 4 | G61: 0 | H61: 19/0103 | I61: Brúsič-apretúra | J61: Brúsenie | K61: JR | L61: Fico Lukáš | M61: 586 | N61: VP1
A62: 43699 | B62: 586 | C62: Práca | D62: Denná | E62: 8 | G62: 0 | H62: 19/0077 | I62: Brúsič-apretúra | J62: Brúsenie | K62: JR | L62: Fico Lukáš | M62: 586 | N62: VP1
A63: 43704 | B63: 586 | C63: Práca | D63: Denná | E63: 8 | G63: 0 | H63: 18/0199 | I63: Brúsič-apretúra | J63: Brúsenie | K63: JR | L63: Fico Lukáš | M63: 586 | N63: VP1
A64: 43703 | B64: 586 | C64: Práca | D64: Denná | E64: 3 | G64: 0 | H64: 19/0077 | I64: Brúsič-apretúra | J64: Brúsenie | K64: JR | L64: Fico Lukáš | M64: 586 | N64: VP1
A65: 43703 | B65: 586 | C65: Práca | D65: Denná | E65: 2 | G65: 0 | H65: 19/0102 | I65: Brúsič-apretúra | J65: Brúsenie | K65: JR | L65: Fico Lukáš | M65: 586 | N65: VP1
A66: 43703 | B66: 586 | C66: Práca | D66: Denná | E66: 3 | G66: 0 | H66: 18/0199 | I66: Brúsič-apretúra | J66: Brúsenie | K66: JR | L66: Fico Lukáš | M66: 586 | N66: VP1
A67: 43707 | B67: 586 | C67: Práca | D67: Denná | E67: 8 | G67: 0 | H67: 19/0078 | I67: Brúsič-apretúra | J67: Brúsenie | K67: JR | L67: Fico Lukáš | M67: 586 | N67: VP1
A68: 43705 | B68: 586 | C68: Práca | D68: Denná | E68: 4 | G68: 0 | H68: 19/0077 | I68: Brúsič-apretúra | J68: Brúsenie | K68: JR | L68: Fico Lukáš | M68: 586 | N68: VP1
... A83: 43685 | B83: 488 | C83: Práca | D83: Denná | E83: 8 | G83: 0 | H83: 19/0036 | I83: Zámočník | J83: Zámočník | K83: JR | L83: Podhorányi Erik | M83: 488 | N83: VP1
A84: 43684 | B84: 488 | C84: Práca | D84: Denná | E84: 8 | F84: NC35% | G84: 2 | H84: 19/0036 | I84: Zámočník | J84: Zámočník | K84: JR | L84: Podhorányi Erik | M84: 488 | N84: VP1
A85: 43683 | B85: 488 | C85: Práca | D85: Denná | E85: 8 | F85: NC35% | G85: 2 | H85: 19/0036 | I85: Zámočník | J85: Zámočník | K85: JR | L85: Podhorányi Erik | M85: 488 | N85: VP1
A86: 43682 | B86: 488 | C86: Práca | D86: Denná | E86: 8 | F86: NC35% | G86: 2 | H86: 19/0036 | I86: Zámočník | J86: Zámočník | K86: JR | L86: Podhorányi Erik | M86: 488 | N86: VP1
A87: 43691 | B87: 488 | C87: Práca | D87: Denná | E87: 5 | F87: NC35% | G87: 2 | H87: 19/0036 | I87: Zámočník | J87: Zámočník | K87: JR | L87: Podhorányi Erik | M87: 488 | N87: VP1
A88: 43691 | B88: 488 | C88: Práca | D88: Denná | E88: 3 | G88: 0 | H88: 18/0093 | I88: Zámočník | J88: Zámočník | K88: JR | L88: Podhorányi Erik | M88: 488 | N88: VP1
A89: 43690 | B89: 488 | C89: Práca | D89: Denná | E89: 8 | F89: NC35% | G89: 2 | H89: 19/0036 | I89: Zámočník | J89: Zámočník | K89: JR | L89: Podhorányi Erik | M89: 488 | N89: VP1
A90: 43689 | B90: 488 | C90: Práca | D90: Denná | E90: 8 | F90: NC35% | G90: 2 | H90: 19/0036 | I90: Zámočník | J90: Zámočník | K90: JR | L90: Podhorányi Erik | M90: 488 | N90: VP1
A91: 43697 | B91: 488 | C91: Práca | D91: Denná | E91: 5 | F91: NC35% | G91: 2 | H91: 19/0036 | I91: Zámočník | J91: Zámočník | K91: JR | L91: Podhorányi Erik | M91: 488 | N91: VP1
A92: 43697 | B92: 488 | C92: Práca | D92: Denná | E92: 3 | G92: 0 | H92: 18/0093 | I92: Zámočník | J92: Zámočník | K92: JR | L92: Podhorányi Erik | M92: 488 | N92: VP1
A93: 43696 | B93: 488 | C93: Práca | D93: Denná | E93: 8 | F93: NC35% | G93: 2 | H93: 18/0093 | I93: Zámočník | J93: Zámočník | K93: JR | L93: Podhorányi Erik | M93: 488 | N93: VP1
A94: 43694 | B94: 488 | C94: Práca | D94: Denná | E94: 0 | F94: NC35% | G94: 6 | H94: 18/0093 | I94: Zámočník | J94: Zámočník | K94: JR | L94: Podhorányi Erik | M94: 488 | N94: VP1
A95: 43693 | B95: 488 | C95: Práca | D95: Denná | E95: 8 | G95: 0 | H95: 18/0093 | I95: Zámočník | J95: Zámočník | K95: JR | L95: Podhorányi Erik | M95: 488 | N95: VP1
A96: 43692 | B96: 488 | C96: Práca | D96: Denná | E96: 8 | F96: NC35% | G96: 2 | H96: 18/0093 | I96: Zámočník | J96: Zámočník | K96: JR | L96: Podhorányi Erik | M96: 488 | N96: VP1
A97: 43699 | B97: 488 | C97: Práca | D97: Denná | E97: 8 | G97: 0 | H97: 19/0036 | I97: Zámočník | J97: Zámočník | K97: JR | L97: Podhorányi Erik | M97: 488 | N97: VP1
A98: 43698 | B98: 488 | C98: Práca | D98: Denná | E98: 8 | F98: NC35% | G98: 2 | H98: 19/0036 | I98: Zámočník | J98: Zámočník | K98: JR | L98: Podhorányi Erik | M98: 488 | N98: VP1
A99: 43703 | B99: 488 | C99: Práca | D99: Denná | E99: 8 | F99: NC35% | G99: 2 | H99: 19/0036 | I99: Zámočník | J99: Zámočník | K99: JR | L99: Podhorányi Erik | M99: 488 | N99: VP1
A100: 43705 | B100: 488 | C100: Práca | D100: Denná | E100: 8 | G100: 0 | H100: 19/0077 | I100: Zámočník | J100: Zámočník | K100: JR | L100: Podhorányi Erik | M100: 488 | N100: VP1
A101: 43704 | B101: 488 | C101: Práca | D101: Denná | E101: 8 | F101: NC35% | G101: 2 | H101: 19/0036 | I101: Zámočník | J101: Zámočník | K101: JR | L101: Podhorányi Erik | M101: 488 | N101: VP1
A102: 43691 | B102: 444 | C102: Práca | D102: Denná | E102: 8 | G102: 0 | H102: 19/0057 | I102: Zámočník | J102: Brúsenie | K102: JR | L102: Karlík Michal | M102: 444 | N102: VP1
A103: 43690 | B103: 444 | C103: Práca | D103: Denná | E103: 8 | F103: NC35% | G103: 3 | H103: 18/0093 | I103: Zámočník | J103: Brúsenie | K103: JR | L103: Karlík Michal | M103: 444 | N103: VP1
A104: 43689 | B104: 444 | C104: Práca | D104: Denná | E104: 8 | G104: 0 | H104: 18/0142 | I104: Zámočník | J104: Brúsenie | K104: JR | L104: Karlík Michal | M104: 444 | N104: VP1
A105: 43696 | B105: 444 | C105: Práca | D105: Denná | E105: 8 | G105: 0 | H105: 18/0093 | I105: Zámočník | J105: Brúsenie | K105: JR | L105: Karlík Michal | M105: 444 | N105: VP1
A106: 43694 | B106: 444 | C106: Práca | D106: Denná | E106: 0 | F106: NC35% | G106: 8 | H106: 19/0051 | I106: Zámočník | J106: Brúsenie | K106: JR | L106: Karlík Michal | M106: 444 | N106: VP1
A107: 43693 | B107: 444 | C107: Práca | D107: Denná | E107: 8 | G107: 0 | H107: 18/0093 | I107: Zámočník | J107: Brúsenie | K107: JR | L107: Karlík Michal | M107: 444 | N107: VP1
A108: 43692 | B108: 444 | C108: Práca | D108: Denná | E108: 8 | G108: 0 | H108: 19/5001 | I108: Zámočník | J108: Brúsenie | K108: JR | L108: Karlík Michal | M108: 444 | N108: VP1
A109: 43692 | B109: 444 | C109: Práca | D109: Denná | E109: 0 | F109: NC35% | G109: 3 | H109: 18/0142 | I109: Zámočník | J109: Brúsenie | K109: JR | L109: Karlík Michal | M109: 444 | N109: VP1
A110: 43699 | B110: 444 | C110: Práca | D110: Denná | E110: 8 | F110: NC35% | G110: 3 | H110: 18/0198 | I110: Zámočník | J110: Brúsenie | K110: JR | L110: Karlík Michal | M110: 444 | N110: VP1
A111: 43698 | B111: 444 | C111: Práca | D111: Denná | E111: 8 | F111: NC35% | G111: 3 | H111: 18/0093 | I111: Zámočník | J111: Brúsenie | K111: JR | L111: Karlík Michal | M111: 444 | N111: VP1
A112: 43697 | B112: 444 | C112: Práca | D112: Denná | E112: 8 | G112: 0 | H112: 18/0142 | I112: Zámočník | J112: Brúsenie | K112: JR | L112: Karlík Michal | M112: 444 | N112: VP1
A113: 43701 | B113: 444 | C113: Práca | D113: Denná | E113: 0 | F113: NC35% | G113: 6 | H113: 19/0074 | I113: Zámočník | J113: Brúsenie | K113: JR | L113: Karlík Michal | M113: 444 | N113: VP1
A114: 43700 | B114: 444 | C114: Práca | D114: Denná | E114: 8 | G114: 0 | H114: 18/0093 | I114: Zámočník | J114: Brúsenie | K114: JR | L114: Karlík Michal | M114: 444 | N114: VP1
A115: 43705 | B115: 444 | C115: Práca | D115: Denná | E115: 8 | G115: 0 | H115: 18/0093 | I115: Zámočník | J115: Brúsenie | K115: JR | L115: Karlík Michal | M115: 444 | N115: VP1
A116: 43704 | B116: 444 | C116: Práca | D116: Denná | E116: 8 | F116: NC35% | G116: 3 | H116: 18/0093 | I116: Zámočník | J116: Brúsenie | K116: JR | L116: Karlík Michal | M116: 444 | N116: VP1
A117: 43703 | B117: 444 | C117: Práca | D117: Denná | E117: 8 | F117: NC35% | G117: 3 | H117: 19/0078 | I117: Zámočník | J117: Brúsenie | K117: JR | L117: Karlík Michal | M117: 444 | N117: VP1
A118: 43697 | B118: 429 | C118: Práca | D118: Denná | E118: 8 | G118: 0 | H118: 18/0198 | I118: Zvárač | J118: Zváranie | K118: JR | L118: Buček Jozef | M118: 429 | N118: VP1
A119: 43696 | B119: 429 | C119: Práca | D119: Denná | E119: 8 | G119: 0 | H119: 18/0198 | I119: Zvárač | J119: Zváranie | K119: JR | L119: Buček Jozef | M119: 429 | N119: VP1
A120: 43698 | B120: 429 | C120: Práca | D120: Denná | E120: 8 | G120: 0 | H120: 18/0198 | I120: Zvárač | J120: Zváranie | K120: JR | L120: Buček Jozef | M120: 429 | N120: VP1
A121: 43700 | B121: 429 | C121: Práca | D121: Denná | E121: 8 | G121: 0 | H121: 18/0198 | I121: Zvárač | J121: Zváranie | K121: JR | L121: Buček Jozef | M121: 429 | N121: VP1
A122: 43699 | B122: 429 | C122: Práca | D122: Denná | E122: 1.5 | G122: 0 | H122: 19/0048 | I122: Zvárač | J122: Zváranie | K122: JR | L122: Buček Jozef | M122: 429 | N122: VP1
A123: 43699 | B123: 429 | C123: Práca | D123: Denná | E123: 6.5 | G123: 0 | H123: 18/0198 | I123: Zvárač | J123: Zváranie | K123: JR | L123: Buček Jozef | M123: 429 | N123: VP1
...

Sheet Hárok2
A1: DATUM_ZAZNAMU | B1: DOCH_OSOBNE_CISLO | C1: CINNOST | D1: ZF_SMENA | E1: ZF_HOD | F1: NC_SMENA | G1: NC_HOD | H1: ZAKAZKA | I1: DOCH_PROFESIA | J1: DOCH_STREDISKO | K1: DOCH_KATEGORIA | L1: PRIEZVISKO_MENO | M1: os. č. | N1: stred
A2: 43685 | B2: 602 | C2: Práca | D2: Nočná | E2: 7 | G2: 0 | H2: 18/0142 | I2: Brúsič-apretúra | J2: Brúsenie | K2: JR | L2: Trávnik Jaroslav | M2: 602 | N2: VP1
A3: 43685 | B3: 602 | C3: Práca | D3: Odpol | E3: 1 | G3: 0 | H3: 18/0142 | I3: Brúsič-apretúra | J3: Brúsenie | K3: JR | L3: Trávnik Jaroslav | M3: 602 | N3: VP1
A4: 43684 | B4: 602 | C4: Práca | D4: Nočná | E4: 6 | G4: 0 | H4: 18/0142 | I4: Brúsič-apretúra | J4: Brúsenie | K4: JR | L4: Trávnik Jaroslav | M4: 602 | N4: VP1
A5: 43684 | B5: 602 | C5: Práca | D5: Odpol | E5: 2 | G5: 0 | H5: 18/0142 | I5: Brúsič-apretúra | J5: Brúsenie | K5: JR | L5: Trávnik Jaroslav | M5: 602 | N5: VP1
A6: 43683 | B6: 602 | C6: Práca | D6: Nočná | E6: 7.5 | G6: 0 | H6: 18/0142 | I6: Brúsič-apretúra | J6: Brúsenie | K6: JR | L6: Trávnik Jaroslav | M6: 602 | N6: VP1
A7: 43683 | B7: 602 | C7: Práca | D7: Odpol | E7: 3 | G7: 0 | H7: 18/0142 | I7: Brúsič-apretúra | J7: Brúsenie | K7: JR | L7: Trávnik Jaroslav | M7: 602 | N7: VP1
A8: 43682 | B8: 602 | C8: Práca | D8: Nočná | E8: 7.5 | G8: 0 | H8: 18/0142 | I8: Brúsič-apretúra | J8: Brúsenie | K8: JR | L8: Trávnik Jaroslav | M8: 602 | N8: VP1
A9: 43682 | B9: 602 | C9: Práca | D9: Odpol | E9: 1 | G9: 0 | H9: 18/0142 | I9: Brúsič-apretúra | J9: Brúsenie | K9: JR | L9: Trávnik Jaroslav | M9: 602 | N9: VP1
A10: 43696 | B10: 602 | C10: Práca | D10: Odpol | E10: 5.5 | G10: 0 | H10: 19/0094 | I10: Brúsič-apretúra | J10: Brúsenie | K10: JR | L10: Trávnik Jaroslav | M10: 602 | N10: VP1
A11: 43693 | B11: 602 | C11: Práca | D11: Denná | E11: 8 | G11: 0 | H11: 19/0094 | I11: Brúsič-apretúra | J11: Brúsenie | K11: JR | L11: Trávnik Jaroslav | M11: 602 | N11: VP1
A12: 43692 | B12: 602 | C12: Práca | D12: Denná | E12: 8 | G12: 0 | H12: 19/5001 | I12: Brúsič-apretúra | J12: Brúsenie | K12: JR | L12: Trávnik Jaroslav | M12: 602 | N12: VP1
A13: 43697 | B13: 602 | C13: Práca | D13: Denná | E13: 3.5 | G13: 0 | H13: 19/0003 | I13: Brúsič-apretúra | J13: Brúsenie | K13: JR | L13: Trávnik Jaroslav | M13: 602 | N13: VP1
... A23: 43685 | B23: 601 | C23: Práca | D23: Denná | E23: 7.5 | G23: 0 | H23: 19/0075 | I23: Brúsič-apretúra | J23: Brúsenie | K23: JR | L23: Hollan Pavol | M23: 601 | N23: VP1
A24: 43684 | B24: 601 | C24: Práca | D24: Denná | E24: 8 | F24: NC35% | G24: 2.5 | H24: 18/0142 | I24: Brúsič-apretúra | J24: Brúsenie | K24: JR | L24: Hollan Pavol | M24: 601 | N24: VP1
A25: 43683 | B25: 601 | C25: Práca | D25: Denná | E25: 11.5 | G25: 0 | H25: 18/0142 | I25: Brúsič-apretúra | J25: Brúsenie | K25: JR | L25: Hollan Pavol | M25: 601 | N25: VP1
A26: 43682 | B26: 601 | C26: Práca | D26: Denná | E26: 8 | G26: 0 | H26: 18/0142 | I26: Brúsič-apretúra | J26: Brúsenie | K26: JR | L26: Hollan Pavol | M26: 601 | N26: VP1
A27: 43691 | B27: 601 | C27: Práca | D27: Odpol | E27: 0 | F27: NC35% | G27: 4 | H27: 19/0003 | I27: Brúsič-apretúra | J27: Brúsenie | K27: JR | L27: Hollan Pavol | M27: 601 | N27: VP1
A28: 43691 | B28: 601 | C28: Práca | D28: Nočná | E28: 7.5 | G28: 0 | H28: 19/0003 | I28: Brúsič-apretúra | J28: Brúsenie | K28: JR | L28: Hollan Pavol | M28: 601 | N28: VP1
A29: 43690 | B29: 601 | C29: Práca | D29: Odpol | E29: 0 | F29: NC35% | G29: 4 | H29: 19/0094 | I29: Brúsič-apretúra | J29: Brúsenie | K29: JR | L29: Hollan Pavol | M29: 601 | N29: VP1
A30: 43690 | B30: 601 | C30: Práca | D30: Odpol | E30: 0 | F30: NC35% | G30: 0 | H30: 19/0094 | I30: Brúsič-apretúra | J30: Brúsenie | K30: JR | L30: Hollan Pavol | M30: 601 | N30: VP1
A31: 43690 | B31: 601 | C31: Práca | D31: Nočná | E31: 7.5 | G31: 0 | H31: 18/0093 | I31: Brúsič-apretúra | J31: Brúsenie | K31: JR | L31: Hollan Pavol | M31: 601 | N31: VP1
A32: 43689 | B32: 601 | C32: Práca | D32: Odpol | E32: 0 | F32: NC35% | G32: 4 | H32: 18/0093 | I32: Brúsič-apretúra | J32: Brúsenie | K32: JR | L32: Hollan Pavol | M32: 601 | N32: VP1
A33: 43689 | B33: 601 | C33: Práca | D33: Nočná | E33: 7.5 | G33: 0 | H33: 18/0142 | I33: Brúsič-apretúra | J33: Brúsenie | K33: JR | L33: Hollan Pavol | M33: 601 | N33: VP1
A34: 43696 | B34: 601 | C34: Práca | D34: Denná | E34: 8 | G34: 0 | H34: 18/0142 | I34: Brúsič-apretúra | J34: Brúsenie | K34: JR | L34: Hollan Pavol | M34: 601 | N34: VP1
A35: 43693 | B35: 601 | C35: Práca | D35: Odpol | E35: 7.5 | G35: 0 | H35: 19/0098 | I35: Brúsič-apretúra | J35: Brúsenie | K35: JR | L35: Hollan Pavol | M35: 601 | N35: VP1
A36: 43692 | B36: 601 | C36: Práca | D36: Nočná | E36: 7.5 | G36: 0 | H36: 18/0093 | I36: Brúsič-apretúra | J36: Brúsenie | K36: JR | L36: Hollan Pavol | M36: 601 | N36: VP1
A37: 43699 | B37: 601 | C37: Práca | D37: Denná | E37: 3 | G37: 0 | H37: 19/0075 | I37: Brúsič-apretúra | J37: Brúsenie | K37: JR | L37: Hollan Pavol | M37: 601 | N37: VP1
A38: 43699 | B38: 601 | C38: Práca | D38: Denná | E38: 1 | G38: 0 | H38: 19/0105 | I38: Brúsič-apretúra | J38: Brúsenie | K38: JR | L38: Hollan Pavol | M38: 601 | N38: VP1
A39: 43699 | B39: 601 | C39: Práca | D39: Denná | E39: 4 | G39: 0 | H39: 19/0094 | I39: Brúsič-apretúra | J39: Brúsenie | K39: JR | L39: Hollan Pavol | M39: 601 | N39: VP1
A40: 43698 | B40: 601 | C40: Práca | D40: Denná | E40: 9 | F40: NC35% | G40: 1.5 | H40: 18/0192 | I40: Brúsič-apretúra | J40: Brúsenie | K40: JR | L40: Hollan Pavol | M40: 601 | N40: VP1
A41: 43697 | B41: 601 | C41: Práca | D41: Denná | E41: 8 | F41: NC35% | G41: 2.5 | H41: 19/0094 | I41: Brúsič-apretúra | J41: Brúsenie | K41: JR | L41: Hollan Pavol | M41: 601 | N41: VP1
A42: 43700 | B42: 601 | C42: Práca | D42: Denná | E42: 8 | G42: 0 | H42: 19/0074 | I42: Brúsič-apretúra | J42: Brúsenie | K42: JR | L42: Hollan Pavol | M42: 601 | N42: VP1
A43: 43705 | B43: 601 | C43: Práca | D43: Odpol | E43: 7.5 | G43: 0 | H43: 19/0078 | I43: Brúsič-apretúra | J43: Brúsenie | K43: JR | L43: Hollan Pavol | M43: 601 | N43: VP1
A44: 43704 | B44: 601 | C44: Práca | D44: Odpol | E44: 7.5 | G44: 0 | H44: 19/0078 | I44: Brúsič-apretúra | J44: Brúsenie | K44: JR | L44: Hollan Pavol | M44: 601 | N44: VP1
A45: 43703 | B45: 601 | C45: Práca | D45: Odpol | E45: 7.5 | G45: 0 | H45: 18/0199 | I45: Brúsič-apretúra | J45: Brúsenie | K45: JR | L45: Hollan Pavol | M45: 601 | N45: VP1
A46: 43692 | B46: 601 | C46: Práca | D46: Denná | E46: 0 | F46: NC35% | G46: 4 | H46: 19/0078 | I46: Brúsič-apretúra | J46: Brúsenie | K46: JR | L46: Hollan Pavol | M46: 601 | N46: VP1
A47: 43693 | B47: 586 | C47: Práca | D47: Denná | E47: 8 | G47: 0 | H47: 19/0077 | I47: Brúsič-apretúra | J47: Brúsenie | K47: JR | L47: Fico Lukáš | M47: 586 | N47: VP1
A48: 43692 | B48: 586 | C48: Práca | D48: Denná | E48: 6 | G48: 0 | H48: 19/0077 | I48: Brúsič-apretúra | J48: Brúsenie | K48: JR | L48: Fico Lukáš | M48: 586 | N48: VP1
A49: 43692 | B49: 586 | C49: Práca | D49: Denná | E49: 2 | G49: 0 | H49: 19/0102 | I49: Brúsič-apretúra | J49: Brúsenie | K49: JR | L49: Fico Lukáš | M49: 586 | N49: VP1
A50: 43691 | B50: 586 | C50: Práca | D50: Denná | E50: 8 | G50: 0 | H50: 19/0098 | I50: Brúsič-apretúra | J50: Brúsenie | K50: JR | L50: Fico Lukáš | M50: 586 | N50: VP1
A51: 43690 | B51: 586 | C51: Práca | D51: Denná | E51: 8 | G51: 0 | H51: 19/0098 | I51: Brúsič-apretúra | J51: Brúsenie | K51: JR | L51: Fico Lukáš | M51: 586 | N51: VP1
A52: 43689 | B52: 586 | C52: Práca | D52: Denná | E52: 1 | G52: 0 | H52: 19/0093 | I52: Brúsič-apretúra | J52: Brúsenie | K52: JR | L52: Fico Lukáš | M52: 586 | N52: VP1
A53: 43686 | B53: 586 | C53: Práca | D53: Denná | E53: 4 | G53: 0 | H53: 19/0077 | I53: Brúsič-apretúra | J53: Brúsenie | K53: JR | L53: Fico Lukáš | M53: 586 | N53: VP1
A54: 43686 | B54: 586 | C54: Práca | D54: Denná | E54: 4 | G54: 0 | H54: 19/0093 | I54: Brúsič-apretúra | J54: Brúsenie | K54: JR | L54: Fico Lukáš | M54: 586 | N54: VP1
A55: 43685 | B55: 586 | C55: Práca | D55: Denná | E55: 8 | G55: 0 | H55: 19/0077 | I55: Brúsič-apretúra | J55: Brúsenie | K55: JR | L55: Fico Lukáš | M55: 586 | N55: VP1
A56: 43684 | B56: 586 | C56: Práca | D56: Denná | E56: 8 | F56: NC35% | G56: 2 | H56: 19/0077 | I56: Brúsič-apretúra | J56: Brúsenie | K56: JR | L56: Fico Lukáš | M56: 586 | N56: VP1
A57: 43683 | B57: 586 | C57: Práca | D57: Denná | E57: 8 | G57: 0 | H57: 19/0077 | I57: Brúsič-apretúra | J57: Brúsenie | K57: JR | L57: Fico Lukáš | M57: 586 | N57: VP1
A58: 43697 | B58: 586 | C58: Práca | D58: Denná | E58: 8 | G58: 0 | H58: 19/0077 | I58: Brúsič-apretúra | J58: Brúsenie | K58: JR | L58: Fico Lukáš | M58: 586 | N58: VP1
A59: 43696 | B59: 586 | C59: Práca | D59: Denná | E59: 5.5 | G59: 0 | H59: 19/0086 | I59: Brúsič-apretúra | J59: Brúsenie | K59: JR | L59: Fico Lukáš | M59: 586 | N59: VP1
A60: 43698 | B60: 586 | C60: Práca | D60: Denná | E60: 4 | G60: 0 | H60: 19/0077 | I60: Brúsič-apretúra | J60: Brúsenie | K60: JR | L60: Fico Lukáš | M60: 586 | N60: VP1
A61: 43698 | B61: 586 | C61: Práca | D61: Denná | E61: 4 | G61: 0 | H61: 19/0103 | I61: Brúsič-apretúra | J61: Brúsenie | K61: JR | L61: Fico Lukáš | M61: 586 | N61: VP1
A62: 43699 | B62: 586 | C62: Práca | D62: Denná | E62: 8 | G62: 0 | H62: 19/0077 | I62: Brúsič-apretúra | J62: Brúsenie | K62: JR | L62: Fico Lukáš | M62: 586 | N62: VP1
A63: 43704 | B63: 586 | C63: Práca | D63: Denná | E63: 8 | G63: 0 | H63: 18/0199 | I63: Brúsič-apretúra | J63: Brúsenie | K63: JR | L63: Fico Lukáš | M63: 586 | N63: VP1
A64: 43703 | B64: 586 | C64: Práca | D64: Denná | E64: 3 | G64: 0 | H64: 19/0077 | I64: Brúsič-apretúra | J64: Brúsenie | K64: JR | L64: Fico Lukáš | M64: 586 | N64: VP1
A65: 43703 | B65: 586 | C65: Práca | D65: Denná | E65: 2 | G65: 0 | H65: 19/0102 | I65: Brúsič-apretúra | J65: Brúsenie | K65: JR | L65: Fico Lukáš | M65: 586 | N65: VP1
A66: 43703 | B66: 586 | C66: Práca | D66: Denná | E66: 3 | G66: 0 | H66: 18/0199 | I66: Brúsič-apretúra | J66: Brúsenie | K66: JR | L66: Fico Lukáš | M66: 586 | N66: VP1
A67: 43707 | B67: 586 | C67: Práca | D67: Denná | E67: 8 | G67: 0 | H67: 19/0078 | I67: Brúsič-apretúra | J67: Brúsenie | K67: JR | L67: Fico Lukáš | M67: 586 | N67: VP1
A68: 43705 | B68: 586 | C68: Práca | D68: Denná | E68: 4 | G68: 0 | H68: 19/0077 | I68: Brúsič-apretúra | J68: Brúsenie | K68: JR | L68: Fico Lukáš | M68: 586 | N68: VP1
... A83: 43685 | B83: 488 | C83: Práca | D83: Denná | E83: 8 | G83: 0 | H83: 19/0036 | I83: Zámočník | J83: Zámočník | K83: JR | L83: Podhorányi Erik | M83: 488 | N83: VP1
A84: 43684 | B84: 488 | C84: Práca | D84: Denná | E84: 8 | F84: NC35% | G84: 2 | H84: 19/0036 | I84: Zámočník | J84: Zámočník | K84: JR | L84: Podhorányi Erik | M84: 488 | N84: VP1
A85: 43683 | B85: 488 | C85: Práca | D85: Denná | E85: 8 | F85: NC35% | G85: 2 | H85: 19/0036 | I85: Zámočník | J85: Zámočník | K85: JR | L85: Podhorányi Erik | M85: 488 | N85: VP1
A86: 43682 | B86: 488 | C86: Práca | D86: Denná | E86: 8 | F86: NC35% | G86: 2 | H86: 19/0036 | I86: Zámočník | J86: Zámočník | K86: JR | L86: Podhorányi Erik | M86: 488 | N86: VP1
A87: 43691 | B87: 488 | C87: Práca | D87: Denná | E87: 5 | F87: NC35% | G87: 2 | H87: 19/0036 | I87: Zámočník | J87: Zámočník | K87: JR | L87: Podhorányi Erik | M87: 488 | N87: VP1
A88: 43691 | B88: 488 | C88: Práca | D88: Denná | E88: 3 | G88: 0 | H88: 18/0093 | I88: Zámočník | J88: Zámočník | K88: JR | L88: Podhorányi Erik | M88: 488 | N88: VP1
A89: 43690 | B89: 488 | C89: Práca | D89: Denná | E89: 8 | F89: NC35% | G89: 2 | H89: 19/0036 | I89: Zámočník | J89: Zámočník | K89: JR | L89: Podhorányi Erik | M89: 488 | N89: VP1
A90: 43689 | B90: 488 | C90: Práca | D90: Denná | E90: 8 | F90: NC35% | G90: 2 | H90: 19/0036 | I90: Zámočník | J90: Zámočník | K90: JR | L90: Podhorányi Erik | M90: 488 | N90: VP1
A91: 43697 | B91: 488 | C91: Práca | D91: Denná | E91: 5 | F91: NC35% | G91: 2 | H91: 19/0036 | I91: Zámočník | J91: Zámočník | K91: JR | L91: Podhorányi Erik | M91: 488 | N91: VP1
A92: 43697 | B92: 488 | C92: Práca | D92: Denná | E92: 3 | G92: 0 | H92: 18/0093 | I92: Zámočník | J92: Zámočník | K92: JR | L92: Podhorányi Erik | M92: 488 | N92: VP1
A93: 43696 | B93: 488 | C93: Práca | D93: Denná | E93: 8 | F93: NC35% | G93: 2 | H93: 18/0093 | I93: Zámočník | J93: Zámočník | K93: JR | L93: Podhorányi Erik | M93: 488 | N93: VP1
A94: 43694 | B94: 488 | C94: Práca | D94: Denná | E94: 0 | F94: NC35% | G94: 6 | H94: 18/0093 | I94: Zámočník | J94: Zámočník | K94: JR | L94: Podhorányi Erik | M94: 488 | N94: VP1
A95: 43693 | B95: 488 | C95: Práca | D95: Denná | E95: 8 | G95: 0 | H95: 18/0093 | I95: Zámočník | J95: Zámočník | K95: JR | L95: Podhorányi Erik | M95: 488 | N95: VP1
A96: 43692 | B96: 488 | C96: Práca | D96: Denná | E96: 8 | F96: NC35% | G96: 2 | H96: 18/0093 | I96: Zámočník | J96: Zámočník | K96: JR | L96: Podhorányi Erik | M96: 488 | N96: VP1
A97: 43699 | B97: 488 | C97: Práca | D97: Denná | E97: 8 | G97: 0 | H97: 19/0036 | I97: Zámočník | J97: Zámočník | K97: JR | L97: Podhorányi Erik | M97: 488 | N97: VP1
A98: 43698 | B98: 488 | C98: Práca | D98: Denná | E98: 8 | F98: NC35% | G98: 2 | H98: 19/0036 | I98: Zámočník | J98: Zámočník | K98: JR | L98: Podhorányi Erik | M98: 488 | N98: VP1
A99: 43703 | B99: 488 | C99: Práca | D99: Denná | E99: 8 | F99: NC35% | G99: 2 | H99: 19/0036 | I99: Zámočník | J99: Zámočník | K99: JR | L99: Podhorányi Erik | M99: 488 | N99: VP1
A100: 43705 | B100: 488 | C100: Práca | D100: Denná | E100: 8 | G100: 0 | H100: 19/0077 | I100: Zámočník | J100: Zámočník | K100: JR | L100: Podhorányi Erik | M100: 488 | N100: VP1
A101: 43704 | B101: 488 | C101: Práca | D101: Denná | E101: 8 | F101: NC35% | G101: 2 | H101: 19/0036 | I101: Zámočník | J101: Zámočník | K101: JR | L101: Podhorányi Erik | M101: 488 | N101: VP1
A102: 43691 | B102: 444 | C102: Práca | D102: Denná | E102: 8 | G102: 0 | H102: 19/0057 | I102: Zámočník | J102: Brúsenie | K102: JR | L102: Karlík Michal | M102: 444 | N102: VP1
A103: 43690 | B103: 444 | C103: Práca | D103: Denná | E103: 8 | F103: NC35% | G103: 3 | H103: 18/0093 | I103: Zámočník | J103: Brúsenie | K103: JR | L103: Karlík Michal | M103: 444 | N103: VP1
A104: 43689 | B104: 444 | C104: Práca | D104: Denná | E104: 8 | G104: 0 | H104: 18/0142 | I104: Zámočník | J104: Brúsenie | K104: JR | L104: Karlík Michal | M104: 444 | N104: VP1
A105: 43696 | B105: 444 | C105: Práca | D105: Denná | E105: 8 | G105: 0 | H105: 18/0093 | I105: Zámočník | J105: Brúsenie | K105: JR | L105: Karlík Michal | M105: 444 | N105: VP1
A106: 43694 | B106: 444 | C106: Práca | D106: Denná | E106: 0 | F106: NC35% | G106: 8 | H106: 19/0051 | I106: Zámočník | J106: Brúsenie | K106: JR | L106: Karlík Michal | M106: 444 | N106: VP1
A107: 43693 | B107: 444 | C107: Práca | D107: Denná | E107: 8 | G107: 0 | H107: 18/0093 | I107: Zámočník | J107: Brúsenie | K107: JR | L107: Karlík Michal | M107: 444 | N107: VP1
A108: 43692 | B108: 444 | C108: Práca | D108: Denná | E108: 8 | G108: 0 | H108: 19/5001 | I108: Zámočník | J108: Brúsenie | K108: JR | L108: Karlík Michal | M108: 444 | N108: VP1
A109: 43692 | B109: 444 | C109: Práca | D109: Denná | E109: 0 | F109: NC35% | G109: 3 | H109: 18/0142 | I109: Zámočník | J109: Brúsenie | K109: JR | L109: Karlík Michal | M109: 444 | N109: VP1
A110: 43699 | B110: 444 | C110: Práca | D110: Denná | E110: 8 | F110: NC35% | G110: 3 | H110: 18/0198 | I110: Zámočník | J110: Brúsenie | K110: JR | L110: Karlík Michal | M110: 444 | N110: VP1
A111: 43698 | B111: 444 | C111: Práca | D111: Denná | E111: 8 | F111: NC35% | G111: 3 | H111: 18/0093 | I111: Zámočník | J111: Brúsenie | K111: JR | L111: Karlík Michal | M111: 444 | N111: VP1
A112: 43697 | B112: 444 | C112: Práca | D112: Denná | E112: 8 | G112: 0 | H112: 18/0142 | I112: Zámočník | J112: Brúsenie | K112: JR | L112: Karlík Michal | M112: 444 | N112: VP1
A113: 43701 | B113: 444 | C113: Práca | D113: Denná | E113: 0 | F113: NC35% | G113: 6 | H113: 19/0074 | I113: Zámočník | J113: Brúsenie | K113: JR | L113: Karlík Michal | M113: 444 | N113: VP1
A114: 43700 | B114: 444 | C114: Práca | D114: Denná | E114: 8 | G114: 0 | H114: 18/0093 | I114: Zámočník | J114: Brúsenie | K114: JR | L114: Karlík Michal | M114: 444 | N114: VP1
A115: 43705 | B115: 444 | C115: Práca | D115: Denná | E115: 8 | G115: 0 | H115: 18/0093 | I115: Zámočník | J115: Brúsenie | K115: JR | L115: Karlík Michal | M115: 444 | N115: VP1
A116: 43704 | B116: 444 | C116: Práca | D116: Denná | E116: 8 | F116: NC35% | G116: 3 | H116: 18/0093 | I116: Zámočník | J116: Brúsenie | K116: JR | L116: Karlík Michal | M116: 444 | N116: VP1
A117: 43703 | B117: 444 | C117: Práca | D117: Denná | E117: 8 | F117: NC35% | G117: 3 | H117: 19/0078 | I117: Zámočník | J117: Brúsenie | K117: JR | L117: Karlík Michal | M117: 444 | N117: VP1
A118: 43697 | B118: 429 | C118: Práca | D118: Denná | E118: 8 | G118: 0 | H118: 18/0198 | I118: Zvárač | J118: Zváranie | K118: JR | L118: Buček Jozef | M118: 429 | N118: VP1
A119: 43696 | B119: 429 | C119: Práca | D119: Denná | E119: 8 | G119: 0 | H119: 18/0198 | I119: Zvárač | J119: Zváranie | K119: JR | L119: Buček Jozef | M119: 429 | N119: VP1
A120: 43698 | B120: 429 | C120: Práca | D120: Denná | E120: 8 | G120: 0 | H120: 18/0198 | I120: Zvárač | J120: Zváranie | K120: JR | L120: Buček Jozef | M120: 429 | N120: VP1
A121: 43700 | B121: 429 | C121: Práca | D121: Denná | E121: 8 | G121: 0 | H121: 18/0198 | I121: Zvárač | J121: Zváranie | K121: JR | L121: Buček Jozef | M121: 429 | N121: VP1
A122: 43699 | B122: 429 | C122: Práca | D122: Denná | E122: 1.5 | G122: 0 | H122: 19/0048 | I122: Zvárač | J122: Zváranie | K122: JR | L122: Buček Jozef | M122: 429 | N122: VP1
A123: 43699 | B123: 429 | C123: Práca | D123: Denná | E123: 6.5 | G123: 0 | H123: 18/0198 | I123: Zvárač | J123: Zváranie | K123: JR | L123: Buček Jozef | M123: 429 | N123: VP1
...

Sheet školenia
A1: DATUM_ZAZNAMU | B1: DOCH_OSOBNE_CISLO | C1: CINNOST | D1: ZF_SMENA | E1: ZF_HOD | F1: NC_SMENA | G1: NC_HOD | H1: ZAKAZKA | I1: DOCH_PROFESIA | J1: DOCH_STREDISKO | K1: DOCH_KATEGORIA | L1: PRIEZVISKO_MENO | M1: os. č. | N1: stred
A2: 43703 | B2: 007 | C2: Dovolenka | D2: Denná | E2: 8 | G2: 0 | I2: THP | J2: THP | K2: THP | L2: Krchová Zuzana, Ing. | M2: =B2*1 -> 7 | N2: =VLOOKUP(M2,'zamestnanci číselník'!$A:$I,9,0) -> Ostatné
A3: 43704 | B3: 007 | C3: Dovolenka | D3: Denná | E3: 8 | G3: 0 | I3: THP | J3: THP | K3: THP | L3: Krchová Zuzana, Ing. | M3: =B3*1 -> 7 | N3: =VLOOKUP(M3,'zamestnanci číselník'!$A:$I,9,0) -> Ostatné
A4: 43705 | B4: 007 | C4: Dovolenka | D4: Denná | E4: 8 | G4: 0 | I4: THP | J4: THP | K4: THP | L4: Krchová Zuzana, Ing. | M4: =B4*1 -> 7 | N4: =VLOOKUP(M4,'zamestnanci číselník'!$A:$I,9,0) -> Ostatné
A5: 43706 | B5: 007 | C5: Sviatok | D5: Denná | E5: 8 | G5: 0 | I5: THP | J5: THP | K5: THP | L5: Krchová Zuzana, Ing. | M5: =B5*1 -> 7 | N5: =VLOOKUP(M5,'zamestnanci číselník'!$A:$I,9,0) -> Ostatné
A6: 43707 | B6: 007 | C6: Dovolenka | D6: Denná | E6: 8 | G6: 0 | I6: THP | J6: THP | K6: THP | L6: Krchová Zuzana, Ing. | M6: =B6*1 -> 7 | N6: =VLOOKUP(M6,'zamestnanci číselník'!$A:$I,9,0) -> Ostatné
A7: 43678 | B7: 007 | C7: Dovolenka | D7: Denná | E7: 8 | G7: 0 | I7: THP | J7: THP | K7: THP | L7: Krchová Zuzana, Ing. | M7: =B7*1 -> 7 | N7: =VLOOKUP(M7,'zamestnanci číselník'!$A:$I,9,0) -> Ostatné
A8: 43679 | B8: 007 | C8: Dovolenka | D8: Denná | E8: 8 | G8: 0 | I8: THP | J8: THP | K8: THP | L8: Krchová Zuzana, Ing. | M8: =B8*1 -> 7 | N8: =VLOOKUP(M8,'zamestnanci číselník'!$A:$I,9,0) -> Ostatné
A9: 43682 | B9: 007 | C9: Dovolenka | D9: Denná | E9: 8 | G9: 0 | I9: THP | J9: THP | K9: THP | L9: Krchová Zuzana, Ing. | M9: =B9*1 -> 7 | N9: =VLOOKUP(M9,'zamestnanci číselník'!$A:$I,9,0) -> Ostatné
A10: 43683 | B10: 007 | C10: Práca | D10: Denná | E10: 8 | G10: 0 | H10: XX/9999 | I10: THP | J10: THP | K10: THP | L10: Krchová Zuzana, Ing. | M10: =B10*1 -> 7 | N10: =VLOOKUP(M10,'zamestnanci číselník'!$A:$I,9,0) -> Ostatné
A11: 43684 | B11: 007 | C11: Náhradné voľno | D11: Denná | E11: 2 | G11: 0 | I11: THP | J11: THP | K11: THP | L11: Krchová Zuzana, Ing. | M11: =B11*1 -> 7 | N11: =VLOOKUP(M11,'zamestnanci číselník'!$A:$I,9,0) -> Ostatné
A12: 43684 | B12: 007 | C12: Práca | D12: Denná | E12: 6 | G12: 0 | H12: XX/9999 | I12: THP | J12: THP | K12: THP | L12: Krchová Zuzana, Ing. | M12: =B12*1 -> 7 | N12: =VLOOKUP(M12,'zamestnanci číselník'!$A:$I,9,0) -> Ostatné
A13: 43685 | B13: 007 | C13: PN | D13: Denná | E13: 8 | G13: 0 | I13: THP | J13: THP | K13: THP | L13: Krchová Zuzana, Ing. | M13: =B13*1 -> 7 | N13: =VLOOKUP(M13,'zamestnanci číselník'!$A:$I,9,0) -> Ostatné
A14: 43686 | B14: 007 | C14: PN | D14: Denná | E14: 8 | G14: 0 | I14: THP | J14: THP | K14: THP | L14: Krchová Zuzana, Ing. | M14: =B14*1 -> 7 | N14: =VLOOKUP(M14,'zamestnanci číselník'!$A:$I,9,0) -> Ostatné
A15: 43689 | B15: 007 | C15: PN | D15: Denná | E15: 8 | G15: 0 | I15: THP | J15: THP | K15: THP | L15: Krchová Zuzana, Ing. | M15: =B15*1 -> 7 | N15: =VLOOKUP(M15,'zamestnanci číselník'!$A:$I,9,0) -> Ostatné
A16: 43690 | B16: 007 | C16: PN | D16: Denná | E16: 8 | G16: 0 | I16: THP | J16: THP | K16: THP | L16: Krchová Zuzana, Ing. | M16: =B16*1 -> 7 | N16: =VLOOKUP(M16,'zamestnanci číselník'!$A:$I,9,0) -> Ostatné
A17: 43691 | B17: 007 | C17: PN | D17: Denná | E17: 8 | G17: 0 | I17: THP | J17: THP | K17: THP | L17: Krchová Zuzana, Ing. | M17: =B17*1 -> 7 | N17: =VLOOKUP(M17,'zamestnanci číselník'!$A:$I,9,0) -> Ostatné
A18: 43692 | B18: 007 | C18: PN | D18: Denná | E18: 8 | G18: 0 | I18: THP | J18: THP | K18: THP | L18: Krchová Zuzana, Ing. | M18: =B18*1 -> 7 | N18: =VLOOKUP(M18,'zamestnanci číselník'!$A:$I,9,0) -> Ostatné
A19: 43693 | B19: 007 | C19: PN | D19: Denná | E19: 8 | G19: 0 | I19: THP | J19: THP | K19: THP | L19: Krchová Zuzana, Ing. | M19: =B19*1 -> 7 | N19: =VLOOKUP(M19,'zamestnanci číselník'!$A:$I,9,0) -> Ostatné
A20: 43696 | B20: 007 | C20: PN | D20: Denná | E20: 8 | G20: 0 | I20: THP | J20: THP | K20: THP | L20: Krchová Zuzana, Ing. | M20: =B20*1 -> 7 | N20: =VLOOKUP(M20,'zamestnanci číselník'!$A:$I,9,0) -> Ostatné
A21: 43697 | B21: 007 | C21: PN | D21: Denná | E21: 8 | G21: 0 | I21: THP | J21: THP | K21: THP | L21: Krchová Zuzana, Ing. | M21: =B21*1 -> 7 | N21: =VLOOKUP(M21,'zamestnanci číselník'!$A:$I,9,0) -> Ostatné
A22: 43698 | B22: 007 | C22: PN | D22: Denná | E22: 8 | G22: 0 | I22: THP | J22: THP | K22: THP | L22: Krchová Zuzana, Ing. | M22: =B22*1 -> 7 | N22: =VLOOKUP(M22,'zamestnanci číselník'!$A:$I,9,0) -> Ostatné
A23: 43699 | B23: 007 | C23: PN | D23: Denná | E23: 8 | G23: 0 | I23: THP | J23: THP | K23: THP | L23: Krchová Zuzana, Ing. | M23: =B23*1 -> 7 | N23: =VLOOKUP(M23,'zamestnanci číselník'!$A:$I,9,0) -> Ostatné
A24: 43700 | B24: 007 | C24: PN | D24: Denná | E24: 8 | G24: 0 | I24: THP | J24: THP | K24: THP | L24: Krchová Zuzana, Ing. | M24: =B24*1 -> 7 | N24: =VLOOKUP(M24,'zamestnanci číselník'!$A:$I,9,0) -> Ostatné
... A26: 43700 | B26: 008 | C26: Dovolenka | D26: Denná | E26: 8 | G26: 0 | I26: THP | J26: THP | K26: THP | L26: Kyselica Anton, Ing. | M26: =B26*1 -> 8 | N26: =VLOOKUP(M26,'zamestnanci číselník'!$A:$I,9,0) -> Ostatné
A27: 43703 | B27: 008 | C27: Práca | D27: Denná | E27: 8 | G27: 0 | H27: XX/9999 | I27: THP | J27: THP | K27: THP | L27: Kyselica Anton, Ing. | M27: =B27*1 -> 8 | N27: =VLOOKUP(M27,'zamestnanci číselník'!$A:$I,9,0) -> Ostatné
A28: 43704 | B28: 008 | C28: Práca | D28: Denná | E28: 8 | G28: 0 | H28: XX/9999 | I28: THP | J28: THP | K28: THP | L28: Kyselica Anton, Ing. | M28: =B28*1 -> 8 | N28: =VLOOKUP(M28,'zamestnanci číselník'!$A:$I,9,0) -> Ostatné
A29: 43705 | B29: 008 | C29: Práca | D29: Denná | E29: 8 | G29: 0 | H29: XX/9999 | I29: THP | J29: THP | K29: THP | L29: Kyselica Anton, Ing. | M29: =B29*1 -> 8 | N29: =VLOOKUP(M29,'zamestnanci číselník'!$A:$I,9,0) -> Ostatné
A30: 43686 | B30: 008 | C30: Dovolenka | D30: Denná | E30: 8 | G30: 0 | I30: THP | J30: THP | K30: THP | L30: Kyselica Anton, Ing. | M30: =B30*1 -> 8 | N30: =VLOOKUP(M30,'zamestnanci číselník'!$A:$I,9,0) -> Ostatné
A31: 43696 | B31: 008 | C31: Dovolenka | D31: Denná | E31: 8 | G31: 0 | I31: THP | J31: THP | K31: THP | L31: Kyselica Anton, Ing. | M31: =B31*1 -> 8 | N31: =VLOOKUP(M31,'zamestnanci číselník'!$A:$I,9,0) -> Ostatné
A32: 43697 | B32: 008 | C32: Dovolenka | D32: Denná | E32: 8 | G32: 0 | I32: THP | J32: THP | K32: THP | L32: Kyselica Anton, Ing. | M32: =B32*1 -> 8 | N32: =VLOOKUP(M32,'zamestnanci číselník'!$A:$I,9,0) -> Ostatné
A33: 43698 | B33: 008 | C33: Dovolenka | D33: Denná | E33: 8 | G33: 0 | I33: THP | J33: THP | K33: THP | L33: Kyselica Anton, Ing. | M33: =B33*1 -> 8 | N33: =VLOOKUP(M33,'zamestnanci číselník'!$A:$I,9,0) -> Ostatné
A34: 43706 | B34: 008 | C34: Sviatok | D34: Denná | E34: 8 | G34: 0 | I34: THP | J34: THP | K34: THP | L34: Kyselica Anton, Ing. | M34: =B34*1 -> 8 | N34: =VLOOKUP(M34,'zamestnanci číselník'!$A:$I,9,0) -> Ostatné
A35: 43678 | B35: 008 | C35: Dovolenka | D35: Denná | E35: 8 | G35: 0 | I35: THP | J35: THP | K35: THP | L35: Kyselica Anton, Ing. | M35: =B35*1 -> 8 | N35: =VLOOKUP(M35,'zamestnanci číselník'!$A:$I,9,0) -> Ostatné
A36: 43679 | B36: 008 | C36: Dovolenka | D36: Denná | E36: 8 | G36: 0 | I36: THP | J36: THP | K36: THP | L36: Kyselica Anton, Ing. | M36: =B36*1 -> 8 | N36: =VLOOKUP(M36,'zamestnanci číselník'!$A:$I,9,0) -> Ostatné
A37: 43682 | B37: 008 | C37: Práca | D37: Denná | E37: 8 | G37: 0 | H37: XX/9999 | I37: THP | J37: THP | K37: THP | L37: Kyselica Anton, Ing. | M37: =B37*1 -> 8 | N37: =VLOOKUP(M37,'zamestnanci číselník'!$A:$I,9,0) -> Ostatné
A38: 43683 | B38: 008 | C38: Práca | D38: Denná | E38: 8 | G38: 0 | H38: XX/9999 | I38: THP | J38: THP | K38: THP | L38: Kyselica Anton, Ing. | M38: =B38*1 -> 8 | N38: =VLOOKUP(M38,'zamestnanci číselník'!$A:$I,9,0) -> Ostatné
A39: 43684 | B39: 008 | C39: Práca | D39: Denná | E39: 8 | G39: 0 | H39: XX/9999 | I39: THP | J39: THP | K39: THP | L39: Kyselica Anton, Ing. | M39: =B39*1 -> 8 | N39: =VLOOKUP(M39,'zamestnanci číselník'!$A:$I,9,0) -> Ostatné
A40: 43685 | B40: 008 | C40: Práca | D40: Denná | E40: 8 | G40: 0 | H40: XX/9999 | I40: THP | J40: THP | K40: THP | L40: Kyselica Anton, Ing. | M40: =B40*1 -> 8 | N40: =VLOOKUP(M40,'zamestnanci číselník'!$A:$I,9,0) -> Ostatné
A41: 43689 | B41: 008 | C41: Práca | D41: Denná | E41: 8 | G41: 0 | H41: XX/9999 | I41: THP | J41: THP | K41: THP | L41: Kyselica Anton, Ing. | M41: =B41*1 -> 8 | N41: =VLOOKUP(M41,'zamestnanci číselník'!$A:$I,9,0) -> Ostatné
A42: 43690 | B42: 008 | C42: Práca | D42: Denná | E42: 8 | G42: 0 | H42: XX/9999 | I42: THP | J42: THP | K42: THP | L42: Kyselica Anton, Ing. | M42: =B42*1 -> 8 | N42: =VLOOKUP(M42,'zamestnanci číselník'!$A:$I,9,0) -> Ostatné
A43: 43691 | B43: 008 | C43: Práca | D43: Denná | E43: 8 | G43: 0 | H43: XX/9999 | I43: THP | J43: THP | K43: THP | L43: Kyselica Anton, Ing. | M43: =B43*1 -> 8 | N43: =VLOOKUP(M43,'zamestnanci číselník'!$A:$I,9,0) -> Ostatné
A44: 43692 | B44: 008 | C44: Práca | D44: Denná | E44: 8 | G44: 0 | H44: XX/9999 | I44: THP | J44: THP | K44: THP | L44: Kyselica Anton, Ing. | M44: =B44*1 -> 8 | N44: =VLOOKUP(M44,'zamestnanci číselník'!$A:$I,9,0) -> Ostatné
A45: 43693 | B45: 008 | C45: Náhradné voľno | D45: Denná | E45: 0.5 | G45: 0 | I45: THP | J45: THP | K45: THP | L45: Kyselica Anton, Ing. | M45: =B45*1 -> 8 | N45: =VLOOKUP(M45,'zamestnanci číselník'!$A:$I,9,0) -> Ostatné
A46: 43693 | B46: 008 | C46: Práca | D46: Denná | E46: 7.5 | G46: 0 | H46: XX/9999 | I46: THP | J46: THP | K46: THP | L46: Kyselica Anton, Ing. | M46: =B46*1 -> 8 | N46: =VLOOKUP(M46,'zamestnanci číselník'!$A:$I,9,0) -> Ostatné
A47: 43707 | B47: 008 | C47: Náhradné voľno | D47: Denná | E47: 0.5 | G47: 0 | I47: THP | J47: THP | K47: THP | L47: Kyselica Anton, Ing. | M47: =B47*1 -> 8 | N47: =VLOOKUP(M47,'zamestnanci číselník'!$A:$I,9,0) -> Ostatné
A48: 43707 | B48: 008 | C48: Práca | D48: Denná | E48: 7.5 | G48: 0 | H48: XX/9999 | I48: THP | J48: THP | K48: THP | L48: Kyselica Anton, Ing. | M48: =B48*1 -> 8 | N48: =VLOOKUP(M48,'zamestnanci číselník'!$A:$I,9,0) -> Ostatné
A49: 43698 | B49: 009 | C49: P ošetrenie | D49: Denná | E49: 1.5 | G49: 0 | I49: THP | J49: THP | K49: THP | L49: Macejka Martin, Ing. | M49: =B49*1 -> 9 | N49: =VLOOKUP(M49,'zamestnanci číselník'!$A:$I,9,0) -> Ostatné
A50: 43704 | B50: 009 | C50: Práca | D50: Denná | E50: 8 | G50: 0 | H50: 18/7005 | I50: THP | J50: THP | K50: THP | L50: Macejka Martin, Ing. | M50: =B50*1 -> 9 | N50: =VLOOKUP(M50,'zamestnanci číselník'!$A:$I,9,0) -> Ostatné
A51: 43705 | B51: 009 | C51: Práca | D51: Denná | E51: 8 | G51: 0 | H51: XX/9999 | I51: THP | J51: THP | K51: THP | L51: Macejka Martin, Ing. | M51: =B51*1 -> 9 | N51: =VLOOKUP(M51,'zamestnanci číselník'!$A:$I,9,0) -> Ostatné
A52: 43707 | B52: 009 | C52: Dovolenka | D52: Denná | E52: 8 | G52: 0 | I52: THP | J52: THP | K52: THP | L52: Macejka Martin, Ing. | M52: =B52*1 -> 9 | N52: =VLOOKUP(M52,'zamestnanci číselník'!$A:$I,9,0) -> Ostatné
A53: 43699 | B53: 009 | C53: Práca | D53: Denná | E53: 8 | G53: 0 | H53: XX/9999 | I53: THP | J53: THP | K53: THP | L53: Macejka Martin, Ing. | M53: =B53*1 -> 9 | N53: =VLOOKUP(M53,'zamestnanci číselník'!$A:$I,9,0) -> Ostatné
A54: 43700 | B54: 009 | C54: Práca | D54: Denná | E54: 8 | G54: 0 | H54: 18/7005 | I54: THP | J54: THP | K54: THP | L54: Macejka Martin, Ing. | M54: =B54*1 -> 9 | N54: =VLOOKUP(M54,'zamestnanci číselník'!$A:$I,9,0) -> Ostatné
A55: 43703 | B55: 009 | C55: Práca | D55: Denná | E55: 8 | G55: 0 | H55: 18/7005 | I55: THP | J55: THP | K55: THP | L55: Macejka Martin, Ing. | M55: =B55*1 -> 9 | N55: =VLOOKUP(M55,'zamestnanci číselník'!$A:$I,9,0) -> Ostatné
A56: 43698 | B56: 009 | C56: Práca | D56: Denná | E56: 6.5 | G56: 0 | H56: XX/9999 | I56: THP | J56: THP | K56: THP | L56: Macejka Martin, Ing. | M56: =B56*1 -> 9 | N56: =VLOOKUP(M56,'zamestnanci číselník'!$A:$I,9,0) -> Ostatné
A57: 43678 | B57: 009 | C57: Dovolenka | D57: Denná | E57: 8 | G57: 0 | I57: THP | J57: THP | K57: THP | L57: Macejka Martin, Ing. | M57: =B57*1 -> 9 | N57: =VLOOKUP(M57,'zamestnanci číselník'!$A:$I,9,0) -> Ostatné
A58: 43679 | B58: 009 | C58: Dovolenka | D58: Denná | E58: 8 | G58: 0 | I58: THP | J58: THP | K58: THP | L58: Macejka Martin, Ing. | M58: =B58*1 -> 9 | N58: =VLOOKUP(M58,'zamestnanci číselník'!$A:$I,9,0) -> Ostatné
A59: 43682 | B59: 009 | C59: Dovolenka | D59: Denná | E59: 8 | G59: 0 | I59: THP | J59: THP | K59: THP | L59: Macejka Martin, Ing. | M59: =B59*1 -> 9 | N59: =VLOOKUP(M59,'zamestnanci číselník'!$A:$I,9,0) -> Ostatné
A60: 43683 | B60: 009 | C60: Dovolenka | D60: Denná | E60: 8 | G60: 0 | I60: THP | J60: THP | K60: THP | L60: Macejka Martin, Ing. | M60: =B60*1 -> 9 | N60: =VLOOKUP(M60,'zamestnanci číselník'!$A:$I,9,0) -> Ostatné
A61: 43684 | B61: 009 | C61: Dovolenka | D61: Denná | E61: 8 | G61: 0 | I61: THP | J61: THP | K61: THP | L61: Macejka Martin, Ing. | M61: =B61*1 -> 9 | N61: =VLOOKUP(M61,'zamestnanci číselník'!$A:$I,9,0) -> Ostatné
A62: 43685 | B62: 009 | C62: Dovolenka | D62: Denná | E62: 8 | G62: 0 | I62: THP | J62: THP | K62: THP | L62: Macejka Martin, Ing. | M62: =B62*1 -> 9 | N62: =VLOOKUP(M62,'zamestnanci číselník'!$A:$I,9,0) -> Ostatné
A63: 43686 | B63: 009 | C63: Dovolenka | D63: Denná | E63: 8 | G63: 0 | I63: THP | J63: THP | K63: THP | L63: Macejka Martin, Ing. | M63: =B63*1 -> 9 | N63: =VLOOKUP(M63,'zamestnanci číselník'!$A:$I,9,0) -> Ostatné
A64: 43689 | B64: 009 | C64: Práca | D64: Denná | E64: 8 | G64: 0 | H64: 18/7005 | I64: THP | J64: THP | K64: THP | L64: Macejka Martin, Ing. | M64: =B64*1 -> 9 | N64: =VLOOKUP(M64,'zamestnanci číselník'!$A:$I,9,0) -> Ostatné
A65: 43690 | B65: 009 | C65: Práca | D65: Denná | E65: 8 | G65: 0 | H65: 18/7005 | I65: THP | J65: THP | K65: THP | L65: Macejka Martin, Ing. | M65: =B65*1 -> 9 | N65: =VLOOKUP(M65,'zamestnanci číselník'!$A:$I,9,0) -> Ostatné
A66: 43691 | B66: 009 | C66: Práca | D66: Denná | E66: 8 | G66: 0 | H66: 18/7005 | I66: THP | J66: THP | K66: THP | L66: Macejka Martin, Ing. | M66: =B66*1 -> 9 | N66: =VLOOKUP(M66,'zamestnanci číselník'!$A:$I,9,0) -> Ostatné
A67: 43692 | B67: 009 | C67: Práca | D67: Denná | E67: 8 | G67: 0 | H67: 18/7005 | I67: THP | J67: THP | K67: THP | L67: Macejka Martin, Ing. | M67: =B67*1 -> 9 | N67: =VLOOKUP(M67,'zamestnanci číselník'!$A:$I,9,0) -> Ostatné
A68: 43693 | B68: 009 | C68: Práca | D68: Denná | E68: 8 | G68: 0 | H68: 18/7005 | I68: THP | J68: THP | K68: THP | L68: Macejka Martin, Ing. | M68: =B68*1 -> 9 | N68: =VLOOKUP(M68,'zamestnanci číselník'!$A:$I,9,0) -> Ostatné
A69: 43696 | B69: 009 | C69: Práca | D69: Denná | E69: 8 | G69: 0 | H69: 18/7005 | I69: THP | J69: THP | K69: THP | L69: Macejka Martin, Ing. | M69: =B69*1 -> 9 | N69: =VLOOKUP(M69,'zamestnanci číselník'!$A:$I,9,0) -> Ostatné
A70: 43697 | B70: 009 | C70: Práca | D70: Denná | E70: 8 | G70: 0 | H70: 18/7005 | I70: THP | J70: THP | K70: THP | L70: Macejka Martin, Ing. | M70: =B70*1 -> 9 | N70: =VLOOKUP(M70,'zamestnanci číselník'!$A:$I,9,0) -> Ostatné
A71: 43706 | B71: 009 | C71: Sviatok | D71: Denná | E71: 8 | G71: 0 | I71: THP | J71: THP | K71: THP | L71: Macejka Martin, Ing. | M71: =B71*1 -> 9 | N71: =VLOOKUP(M71,'zamestnanci číselník'!$A:$I,9,0) -> Ostatné
A72: 43689 | B72: 010 | C72: Náhradné voľno | D72: Denná | E72: 1 | G72: 0 | I72: THP | J72: THP | K72: THP | L72: Macko Marián, Ing. | M72: =B72*1 -> 10 | N72: =VLOOKUP(M72,'zamestnanci číselník'!$A:$I,9,0) -> Ostatné
A73: 43690 | B73: 010 | C73: Náhradné voľno | D73: Denná | E73: 0.25 | G73: 0 | I73: THP | J73: THP | K73: THP | L73: Macko Marián, Ing. | M73: =B73*1 -> 10 | N73: =VLOOKUP(M73,'zamestnanci číselník'!$A:$I,9,0) -> Ostatné
A74: 43693 | B74: 010 | C74: P ošetrenie | D74: Denná | E74: 5.5 | G74: 0 | I74: THP | J74: THP | K74: THP | L74: Macko Marián, Ing. | M74: =B74*1 -> 10 | N74: =VLOOKUP(M74,'zamestnanci číselník'!$A:$I,9,0) -> Ostatné
A75: 43698 | B75: 010 | C75: P ošetrenie | D75: Denná | E75: 5.5 | G75: 0 | I75: THP | J75: THP | K75: THP | L75: Macko Marián, Ing. | M75: =B75*1 -> 10 | N75: =VLOOKUP(M75,'zamestnanci číselník'!$A:$I,9,0) -> Ostatné
A76: 43704 | B76: 010 | C76: Práca | D76: Denná | E76: 8 | F76: NC25% | G76: 0.5 | H76: XX/9999 | I76: THP | J76: THP | K76: THP | L76: Macko Marián, Ing. | M76: =B76*1 -> 10 | N76: =VLOOKUP(M76,'zamestnanci číselník'!$A:$I,9,0) -> Ostatné
A77: 43705 | B77: 010 | C77: Práca | D77: Denná | E77: 8 | F77: NC25% | G77: 0.25 | H77: XX/9999 | I77: THP | J77: THP | K77: THP | L77: Macko Marián, Ing. | M77: =B77*1 -> 10 | N77: =VLOOKUP(M77,'zamestnanci číselník'!$A:$I,9,0) -> Ostatné
A78: 43707 | B78: 010 | C78: Dovolenka | D78: Denná | E78: 8 | G78: 0 | I78: THP | J78: THP | K78: THP | L78: Macko Marián, Ing. | M78: =B78*1 -> 10 | N78: =VLOOKUP(M78,'zamestnanci číselník'!$A:$I,9,0) -> Ostatné
A79: 43700 | B79: 010 | C79: Práca | D79: Denná | E79: 8 | G79: 0 | H79: 19/7002 | I79: THP | J79: THP | K79: THP | L79: Macko Marián, Ing. | M79: =B79*1 -> 10 | N79: =VLOOKUP(M79,'zamestnanci číselník'!$A:$I,9,0) -> Ostatné
A80: 43703 | B80: 010 | C80: Práca | D80: Denná | E80: 8 | G80: 0 | H80: 19/7002 | I80: THP | J80: THP | K80: THP | L80: Macko Marián, Ing. | M80: =B80*1 -> 10 | N80: =VLOOKUP(M80,'zamestnanci číselník'!$A:$I,9,0) -> Ostatné
A81: 43706 | B81: 010 | C81: Sviatok | D81: Denná | E81: 8 | G81: 0 | I81: THP | J81: THP | K81: THP | L81: Macko Marián, Ing. | M81: =B81*1 -> 10 | N81: =VLOOKUP(M81,'zamestnanci číselník'!$A:$I,9,0) -> Ostatné
A82: 43678 | B82: 010 | C82: Dovolenka | D82: Denná | E82: 8 | G82: 0 | I82: THP | J82: THP | K82: THP | L82: Macko Marián, Ing. | M82: =B82*1 -> 10 | N82: =VLOOKUP(M82,'zamestnanci číselník'!$A:$I,9,0) -> Ostatné
A83: 43679 | B83: 010 | C83: Dovolenka | D83: Denná | E83: 8 | G83: 0 | I83: THP | J83: THP | K83: THP | L83: Macko Marián, Ing. | M83: =B83*1 -> 10 | N83: =VLOOKUP(M83,'zamestnanci číselník'!$A:$I,9,0) -> Ostatné
A84: 43682 | B84: 010 | C84: Práca | D84: Denná | E84: 8 | F84: NC25% | G84: 0.5 | H84: XX/9999 | I84: THP | J84: THP | K84: THP | L84: Macko Marián, Ing. | M84: =B84*1 -> 10 | N84: =VLOOKUP(M84,'zamestnanci číselník'!$A:$I,9,0) -> Ostatné
A85: 43683 | B85: 010 | C85: Práca | D85: Denná | E85: 8 | F85: NC25% | G85: 0.5 | H85: XX/9999 | I85: THP | J85: THP | K85: THP | L85: Macko Marián, Ing. | M85: =B85*1 -> 10 | N85: =VLOOKUP(M85,'zamestnanci číselník'!$A:$I,9,0) -> Ostatné
A86: 43684 | B86: 010 | C86: Práca | D86: Denná | E86: 8 | G86: 0 | H86: 19/7002 | I86: THP | J86: THP | K86: THP | L86: Macko Marián, Ing. | M86: =B86*1 -> 10 | N86: =VLOOKUP(M86,'zamestnanci číselník'!$A:$I,9,0) -> Ostatné
A87: 43685 | B87: 010 | C87: Práca | D87: Denná | E87: 8 | G87: 0 | H87: 19/7002 | I87: THP | J87: THP | K87: THP | L87: Macko Marián, Ing. | M87: =B87*1 -> 10 | N87: =VLOOKUP(M87,'zamestnanci číselník'!$A:$I,9,0) -> Ostatné
A88: 43686 | B88: 010 | C88: Práca | D88: Denná | E88: 8 | G88: 0 | H88: 19/7002 | I88: THP | J88: THP | K88: THP | L88: Macko Marián, Ing. | M88: =B88*1 -> 10 | N88: =VLOOKUP(M88,'zamestnanci číselník'!$A:$I,9,0) -> Ostatné
A89: 43689 | B89: 010 | C89: Práca | D89: Denná | E89: 7 | G89: 0 | H89: XX/9999 | I89: THP | J89: THP | K89: THP | L89: Macko Marián, Ing. | M89: =B89*1 -> 10 | N89: =VLOOKUP(M89,'zamestnanci číselník'!$A:$I,9,0) -> Ostatné
A90: 43690 | B90: 010 | C90: Práca | D90: Denná | E90: 7.75 | G90: 0 | H90: XX/9999 | I90: THP | J90: THP | K90: THP | L90: Macko Marián, Ing. | M90: =B90*1 -> 10 | N90: =VLOOKUP(M90,'zamestnanci číselník'!$A:$I,9,0) -> Ostatné
A91: 43691 | B91: 010 | C91: Práca | D91: Denná | E91: 8 | F91: NC25% | G91: 0.5 | H91: XX/9999 | I91: THP | J91: THP | K91: THP | L91: Macko Marián, Ing. | M91: =B91*1 -> 10 | N91: =VLOOKUP(M91,'zamestnanci číselník'!$A:$I,9,0) -> Ostatné
A92: 43692 | B92: 010 | C92: Práca | D92: Denná | E92: 8 | F92: NC25% | G92: 0.5 | H92: XX/9999 | I92: THP | J92: THP | K92: THP | L92: Macko Marián, Ing. | M92: =B92*1 -> 10 | N92: =VLOOKUP(M92,'zamestnanci číselník'!$A:$I,9,0) -> Ostatné
A93: 43693 | B93: 010 | C93: Práca | D93: Denná | E93: 2.5 | G93: 0 | H93: XX/9999 | I93: THP | J93: THP | K93: THP | L93: Macko Marián, Ing. | M93: =B93*1 -> 10 | N93: =VLOOKUP(M93,'zamestnanci číselník'!$A:$I,9,0) -> Ostatné
A94: 43696 | B94: 010 | C94: Práca | D94: Denná | E94: 8 | G94: 0 | H94: 19/7002 | I94: THP | J94: THP | K94: THP | L94: Macko Marián, Ing. | M94: =B94*1 -> 10 | N94: =VLOOKUP(M94,'zamestnanci číselník'!$A:$I,9,0) -> Ostatné
A95: 43697 | B95: 010 | C95: Práca | D95: Denná | E95: 8 | G95: 0 | H95: 19/7002 | I95: THP | J95: THP | K95: THP | L95: Macko Marián, Ing. | M95: =B95*1 -> 10 | N95: =VLOOKUP(M95,'zamestnanci číselník'!$A:$I,9,0) -> Ostatné
A96: 43698 | B96: 010 | C96: Práca | D96: Denná | E96: 2.5 | G96: 0 | H96: XX/9999 | I96: THP | J96: THP | K96: THP | L96: Macko Marián, Ing. | M96: =B96*1 -> 10 | N96: =VLOOKUP(M96,'zamestnanci číselník'!$A:$I,9,0) -> Ostatné
A97: 43699 | B97: 010 | C97: Práca | D97: Denná | E97: 8 | G97: 0 | H97: 19/7002 | I97: THP | J97: THP | K97: THP | L97: Macko Marián, Ing. | M97: =B97*1 -> 10 | N97: =VLOOKUP(M97,'zamestnanci číselník'!$A:$I,9,0) -> Ostatné
A98: 43689 | B98: 011 | C98: Práca | D98: Denná | E98: 8 | G98: 0 | H98: 19/7002 | I98: THP | J98: THP | K98: THP | L98: Martonka Eduard, Ing. | M98: =B98*1 -> 11 | N98: =VLOOKUP(M98,'zamestnanci číselník'!$A:$I,9,0) -> VP1
A99: 43700 | B99: 011 | C99: Dovolenka | D99: Denná | E99: 4 | G99: 0 | I99: THP | J99: THP | K99: THP | L99: Martonka Eduard, Ing. | M99: =B99*1 -> 11 | N99: =VLOOKUP(M99,'zamestnanci číselník'!$A:$I,9,0) -> VP1
A100: 43704 | B100: 011 | C100: Práca | D100: Denná | E100: 8 | F100: NC25% | G100: 0.5 | H100: XX/9999 | I100: THP | J100: THP | K100: THP | L100: Martonka Eduard, Ing. | M100: =B100*1 -> 11 | N100: =VLOOKUP(M100,'zamestnanci číselník'!$A:$I,9,0) -> VP1
A101: 43705 | B101: 011 | C101: Práca | D101: Denná | E101: 8 | F101: NC25% | G101: 0.5 | H101: XX/9999 | I101: THP | J101: THP | K101: THP | L101: Martonka Eduard, Ing. | M101: =B101*1 -> 11 | N101: =VLOOKUP(M101,'zamestnanci číselník'!$A:$I,9,0) -> VP1
...

Sheet Prehlad zákaziek
C2: obdobie | D2: (Všetko) | P2: obdobie | Q2: (Všetko)
C3: Stredisko | D3: (Všetko) | P3: Kategória2 | Q3: (Viacero položiek)
C4: Kategória2 | D4: (Viacero položiek) | P4: nm_typ_zákazky | Q4: jednicové zákazky
F5: =GETPIVOTDATA("Spolu [hod]",$C$6,"Výrobný úsek","VP1 ","nm_typ_zákazky","jednicové zákazky ")+GETPIVOTDATA("Spolu [hod]",$C$6,"Výrobný úsek","VP1 ","nm_typ_zákazky","8_drobné zákazky")+GETPIVOTDATA("Spolu [hod]",$C$6,"Názov zákazky","Prístrešok VP1 ","Výrobný úsek","VP1 ","Zakazka_upr","25/5602","nm_typ_zákazky","5_režijné zákazky")+GETPIVOTDATA("Spolu [hod]",$C$6,"Názov zákazky","Upínací stôl VP3V 6 ks ","Výrobný úsek","VP1 ","Zakazka_upr","25/5604","nm_typ_zákazky","5_režijné zákazky")+GETPIVOTDATA("Spolu [hod]",$C$6,"Názov zákazky","Obrábací stroj Ronin 400 ","Výrobný úsek","VP1 ","Zakazka_upr","24/5601","nm_typ_zákazky","5_režijné zákazky") -> #REF! | G5: =GETPIVOTDATA("Spolu [hod]",$C$6,"Výrobný úsek","VP2 ","nm_typ_zákazky","jednicové zákazky ")+GETPIVOTDATA("Spolu [hod]",$C$6,"Výrobný úsek","VP2 ","nm_typ_zákazky","8_drobné zákazky")+GETPIVOTDATA("Spolu [hod]",$C$6,"Názov zákazky","Prístrešok VP1 ","Výrobný úsek","VP2 ","Zakazka_upr","25/5602","nm_typ_zákazky","5_režijné zákazky")+GETPIVOTDATA("Spolu [hod]",$C$6,"Názov zákazky","Upínací stôl VP3V 6 ks ","Výrobný úsek","VP2 ","Zakazka_upr","25/5604","nm_typ_zákazky","5_režijné zákazky")+GETPIVOTDATA("Spolu [hod]",$C$6,"Názov zákazky","Obrábací stroj Ronin 400 ","Výrobný úsek","VP2 ","Zakazka_upr","24/5601","nm_typ_zákazky","5_režijné zákazky") -> #REF! | H5: =GETPIVOTDATA("Spolu [hod]",$C$6,"Výrobný úsek","VP3V ","nm_typ_zákazky","jednicové zákazky ")+GETPIVOTDATA("Spolu [hod]",$C$6,"Výrobný úsek","VP3V ","nm_typ_zákazky","8_drobné zákazky")+GETPIVOTDATA("Spolu [hod]",$C$6,"Názov zákazky","Prístrešok VP1 ","Výrobný úsek","VP3V ","Zakazka_upr","25/5602","nm_typ_zákazky","5_režijné zákazky")+GETPIVOTDATA("Spolu [hod]",$C$6,"Názov zákazky","Upínací stôl VP3V 6 ks ","Výrobný úsek","VP3V ","Zakazka_upr","25/5604","nm_typ_zákazky","5_režijné zákazky")+GETPIVOTDATA("Spolu [hod]",$C$6,"Názov zákazky","Obrábací stroj Ronin 400 ","Výrobný úsek","VP3V ","Zakazka_upr","24/5601","nm_typ_zákazky","5_režijné zákazky") -> #REF! | I5: =GETPIVOTDATA("Spolu [hod]",$C$6,"Výrobný úsek","VP3M ","nm_typ_zákazky","jednicové zákazky ")+GETPIVOTDATA("Spolu [hod]",$C$6,"Výrobný úsek","VP3M ","nm_typ_zákazky","8_drobné zákazky")+GETPIVOTDATA("Spolu [hod]",$C$6,"Názov zákazky","Prístrešok VP1 ","Výrobný úsek","VP3M ","Zakazka_upr","25/5602","nm_typ_zákazky","5_režijné zákazky")+GETPIVOTDATA("Spolu [hod]",$C$6,"Názov zákazky","Upínací stôl VP3V 6 ks ","Výrobný úsek","VP3M ","Zakazka_upr","25/5604","nm_typ_zákazky","5_režijné zákazky")+GETPIVOTDATA("Spolu [hod]",$C$6,"Názov zákazky","Obrábací stroj Ronin 400 ","Výrobný úsek","VP3M ","Zakazka_upr","24/5601","nm_typ_zákazky","5_režijné zákazky") -> #REF! | K5: =GETPIVOTDATA("Spolu [hod]",$C$6,"Výrobný úsek","VP5 ","nm_typ_zákazky","jednicové zákazky ")+GETPIVOTDATA("Spolu [hod]",$C$6,"Výrobný úsek","VP5 ","nm_typ_zákazky","8_drobné zákazky")+GETPIVOTDATA("Spolu [hod]",$C$6,"Názov zákazky","Prístrešok VP1 ","Výrobný úsek","VP5 ","Zakazka_upr","25/5602","nm_typ_zákazky","5_režijné zákazky")+GETPIVOTDATA("Spolu [hod]",$C$6,"Názov zákazky","Upínací stôl VP3V 6 ks ","Výrobný úsek","VP5 ","Zakazka_upr","25/5604","nm_typ_zákazky","5_režijné zákazky")+GETPIVOTDATA("Spolu [hod]",$C$6,"Názov zákazky","Obrábací stroj Ronin 400 ","Výrobný úsek","VP5 ","Zakazka_upr","24/5601","nm_typ_zákazky","5_režijné zákazky") -> #REF! | L5: =GETPIVOTDATA("Spolu [hod]",$C$6,"Výrobný úsek","VP3T ","nm_typ_zákazky","jednicové zákazky ")+GETPIVOTDATA("Spolu [hod]",$C$6,"Výrobný úsek","VP3T ","nm_typ_zákazky","8_drobné zákazky")+GETPIVOTDATA("Spolu [hod]",$C$6,"Výrobný úsek","VP3T ","nm_typ_zákazky","5_režijné zákazky") -> 432 | M5: =GETPIVOTDATA("Spolu [hod]",$C$6,"nm_typ_zákazky","jednicové zákazky ")+GETPIVOTDATA("Spolu [hod]",$C$6,"nm_typ_zákazky","8_drobné zákazky")+GETPIVOTDATA("Spolu [hod]",$C$6,"Názov zákazky","Prístrešok VP1 ","Zakazka_upr","25/5602","nm_typ_zákazky","5_režijné zákazky")+GETPIVOTDATA("Spolu [hod]",$C$6,"Názov zákazky","Upínací stôl VP3V 6 ks ","Zakazka_upr","25/5604","nm_typ_zákazky","5_režijné zákazky")+GETPIVOTDATA("Spolu [hod]",$C$6,"Názov zákazky","Obrábací stroj Ronin 400 ","Zakazka_upr","24/5601","nm_typ_zákazky","5_režijné zákazky") -> #REF!
C6: Súčet z Spolu [hod] | F6: Výrobný úsek | P6: Súčet z Spolu [hod] | Q6: Výrobný úsek
C7: nm_typ_zákazky | D7: Zakazka_upr | E7: Názov zákazky | F7: VP1 | G7: VP2 | H7: VP3V | I7: VP3M | J7: VP4 | K7: VP5 | L7: VP3T | M7: Spolu | P7: Stredisko | Q7: VP1 | R7: VP2 | S7: VP3V | T7: VP3M | U7: VP4 | V7: VP5 | W7: VP3T | X7: Spolu | Y7: 15.5 | Z7: 19.4
C8: jednicové zákazky | F8: 8346.25 | G8: 2808 | H8: 1093.5 | I8: 1251.75 | K8: 1684 | L8: 432 | M8: 15615.5 | P8: Zváranie | Q8: 3147 | R8: 1257.5 | X8: 4404.5 | Y8: =V8*$Y$7 -> 0
C9: jednicové zákazky | D9: 25/1010 | E9: Track Launch | F9: 1059 | G9: 6.5 | I9: 212.25 | K9: 6.25 | M9: 1284 | P9: Skladanie | Q9: 438 | R9: 1087 | X9: 1525 | Y9: =V9*$Y$7 -> 0
C10: jednicové zákazky | D10: 25/0095 | E10: 3D DRÁHA - FBCD Karls Erlebnisdorf | F10: 1175.75 | I10: 57.75 | M10: 1233.5 | P10: Horizontka | S10: 778.5 | T10: 555 | X10: 1333.5 | Y10: =V10*$Y$7 -> 0
C11: jednicové zákazky | D11: 25/1001 | E11: 3D Dráha 68 ks | F11: 834.5 | K11: 237.5 | M11: 1072 | P11: Zámočník | Q11: 716.25 | R11: 222 | X11: 938.25 | Y11: =V11*$Y$7 -> 0
C12: jednicové zákazky | D12: 26/0039 | E12: Stĺpy BC Grona | F12: 840 | H12: 40 | K12: 4 | M12: 884 | P12: PRAC.1-VRTB | Q12: 916 | X12: 916 | Y12: =V12*$Y$7 -> 0
C13: jednicové zákazky | D13: 26/0001 | E13: Track 3D 49 ks | F13: 692.25 | H13: 30.75 | I13: 69.75 | K13: 9.25 | M13: 802 | P13: Brúsenie | Q13: 772 | X13: 772 | Y13: =V13*$Y$7 -> 0
C14: jednicové zákazky | D14: 25/0055 | E14: 3D Dráha | F14: 447.5 | K14: 296.5 | M14: 744 | P14: Lakovanie | V14: 692 | X14: 692 | Y14: =V14*$Y$7 -> 10726
C15: jednicové zákazky | D15: 25/0136 | E15: Kostra statora DAX7-290ERJT 7 ks | G15: 561 | H15: 20.25 | I15: 23.25 | K15: 131.5 | M15: 736 | P15: Apretúra | Q15: 156 | V15: 503 | X15: 659 | Y15: =V15*$Y$7 -> 7796.5
C16: jednicové zákazky | D16: 25/1008 | E16: Track Load | F16: 586.5 | H16: 35 | I16: 95 | M16: 716.5 | P16: Zváranie stĺpov | Q16: 339.5 | X16: 339.5 | Y16: =V16*$Y$7 -> 0
C17: jednicové zákazky | D17: 26/0032 | E17: Starshape | F17: 82 | G17: 322.5 | H17: 126.75 | I17: 67.75 | K17: 11.5 | M17: 610.5 | P17: Horizontka_AXA | T17: 309.75 | X17: 309.75 | Y17: =V17*$Y$7 -> 0
C18: jednicové zákazky | D18: 26/0006 | E18: Kostra statora svarek 4 ks | G18: 10 | H18: 7.5 | K18: 101 | L18: 432 | M18: 550.5 | P18: Montáž | Q18: 296 | X18: 296 | Y18: =V18*$Y$7 -> 0
C19: jednicové zákazky | D19: 25/1011 | E19: Brake Zone | F19: 404.5 | G19: 32 | H19: 38.75 | I19: 62.75 | K19: 7 | M19: 545 | P19: Pieskov.dielce | V19: 284.75 | X19: 284.75 | Y19: =V19*$Y$7 -> 4413.625
C20: jednicové zákazky | D20: 26/0033 | E20: Gehäuse 2 ks | F20: 68 | G20: 409 | I20: 29.25 | K20: 14.25 | M20: 520.5 | P20: Zám.po opr.VP3T | W20: 258 | X20: 258 | Y20: =V20*$Y$7 -> 0
C21: jednicové zákazky | D21: 26/0019 | E21: Kostra statora BDAX72-265ER 3 ks | G21: 490 | I21: 8 | M21: 498 | P21: Zám. po zvár. | R21: 238.5 | X21: 238.5 | Y21: =V21*$Y$7 -> 0
C22: jednicové zákazky | D22: 25/0111 | E22: Launch - SF Fiesta Texas | F22: 269 | H22: 30.75 | I22: 177.5 | K22: 11.25 | M22: 488.5 | P22: Sklad. dráh | Q22: 219 | X22: 219 | Y22: =V22*$Y$7 -> 0
C23: jednicové zákazky | D23: 26/0004 | E23: Track | F23: 145 | H23: 103 | I23: 24 | K23: 172.25 | M23: 444.25 | P23: Rovnan.po zvar | Q23: 213.5 | X23: 213.5 | Y23: =V23*$Y$7 -> 0
C24: jednicové zákazky | D24: 26/0018 | E24: Kostra statora DG215ZU-04 3 ks | G24: 160.5 | H24: 118.5 | I24: 15.75 | K24: 107 | M24: 401.75 | P24: Pracovisko 3 | Q24: 212.5 | X24: 212.5 | Y24: =V24*$Y$7 -> 0
C25: jednicové zákazky | D25: 25/1002 | E25: SWITCH 9ks | F25: 108 | H25: 173.5 | K25: 77.75 | M25: 359.25 | P25: Pieskov.finál | V25: 204.25 | X25: 204.25 | Y25: =V25*$Y$7 -> 3165.875
C26: jednicové zákazky | D26: 26/0003 | E26: Launch | F26: 161 | G26: 86 | I26: 93.75 | M26: 340.75 | P26: Pálenie | Q26: 191 | X26: 191 | Y26: =V26*$Y$7 -> 0
C27: jednicové zákazky | D27: 26/0020 | E27: Cam rail hub 1 ks | G27: 166.5 | H27: 114.25 | I27: 23.75 | K27: 21.5 | M27: 326 | P27: Upraviť hrany | Q27: 185.5 | X27: 185.5 | Y27: =V27*$Y$7 -> 0
C28: jednicové zákazky | D28: 25/1006 | E28: Draw Bridge | F28: 258.5 | I28: 59.5 | M28: 318 | P28: Horizontka VP3T | W28: 174 | X28: 174 | Y28: =V28*$Y$7 -> 0
C29: jednicové zákazky | D29: 25/0087 | E29: SWITCH 1 | F29: 249 | M29: 249 | P29: Skružovanie | T29: 138 | X29: 138 | Y29: =V29*$Y$7 -> 0
C30: jednicové zákazky | D30: 26/0028 | E30: Kostra statora BDAX7-185ER 1 ks | G30: 209 | K30: 30.75 | M30: 239.75 | P30: Karusel | S30: 134.5 | X30: 134.5 | Y30: =V30*$Y$7 -> 0
C31: jednicové zákazky | D31: 25/0109 | E31: 3D Dráha - SF Fiesta Texas | F31: 186.5 | I31: 15.5 | K31: 0.75 | M31: 202.75 | P31: Rezanie | Q31: 132 | X31: 132 | Y31: =V31*$Y$7 -> 0
C32: jednicové zákazky | D32: 25/0137 | E32: Kostra statora DAX62-166 7 ks | G32: 126.5 | I32: 10.75 | K32: 56 | M32: 193.25 | P32: Ohýbanie | T32: 110.25 | X32: 110.25 | Y32: =V32*$Y$7 -> 0
C33: jednicové zákazky | D33: 26/0013 | E33: Dráha | F33: 154.5 | H33: 2.5 | I33: 15.5 | K33: 3.5 | M33: 176 | P33: Sústruženie | S33: 101 | X33: 101 | Y33: =V33*$Y$7 -> 0
C34: jednicové zákazky | D34: 26/0002 | E34: Station/Hold | F34: 42.5 | G34: 52 | H34: 15.5 | I34: 30 | K34: 14.5 | M34: 154.5 | P34: Vŕtanie | T34: 95.25 | X34: 95.25 | Y34: =SUM(Y8:Y33) -> 26102
C35: jednicové zákazky | D35: 26/0025 | E35: Kostra statora BDAX7-290ERJT 2 ks | F35: 12 | G35: 85 | I35: 23.5 | K35: 13.75 | M35: 134.25 | P35: Br. po mo | Q35: 86.5 | X35: 86.5
C36: jednicové zákazky | D36: 25/1004 | E36: 2D SHOW | F36: 29.5 | H36: 101 | M36: 130.5 | P36: Priest.pálenie | Q36: 80 | X36: 80
C37: jednicové zákazky | D37: 26/0014 | E37: Stĺpy | F37: 120.5 | K37: 1.25 | M37: 121.75 | P37: RONIN 400 VP3V | S37: 79.5 | X37: 79.5
C38: jednicové zákazky | D38: 25/0110 | E38: Station - SF Fiesta Texas | F38: 32 | H38: 7.25 | I38: 16 | K38: 53.25 | M38: 108.5 | P38: Sklad. dráh-dd | Q38: 51.5 | X38: 51.5
C39: jednicové zákazky | D39: 23/0083 | E39: Základový rám 1 ks | G39: 44.5 | K39: 56 | M39: 100.5 | P39: Brús. spojov | Q39: 50 | X39: 50
C40: jednicové zákazky | D40: 26/0011 | E40: Camrail 61 ks | F40: 96.5 | M40: 96.5 | P40: Pracovisko 0+1 | Q40: 50 | X40: 50
C41: jednicové zákazky | D41: 25/1009 | E41: Track Unload | F41: 68.5 | I41: 7.75 | M41: 76.25 | P41: PRAC.2-POJAZDY | Q41: 47.5 | X41: 47.5
C42: jednicové zákazky | D42: 25/1003 | E42: 2D ku SWITCH | I42: 16 | K42: 58 | M42: 74 | P42: Frézovanie | T42: 43.5 | X42: 43.5
C43: jednicové zákazky | D43: 23/0082 | E43: Základový rám 1 ks | G43: 10 | K43: 61.5 | M43: 71.5 | P43: Rovnanie | Q43: 31.5 | R43: 3 | X43: 34.5
C44: jednicové zákazky | D44: 25/0112 | E44: Storage - SF Fiesta Texas 3 ks | F44: 44 | I44: 25.75 | M44: 69.75 | P44: Pracovisko 2 | Q44: 7.5 | X44: 7.5
C45: jednicové zákazky | D45: 25/0113 | E45: Switch - SF Fiesta Texas | F45: 59 | M45: 59 | P45: Spasovanie | Q45: 7.5 | X45: 7.5
C46: jednicové zákazky | D46: 25/1005 | E46: SWITCH 1 segment | H46: 57.5 | M46: 57.5 | P46: Spolu | Q46: 8346.25 | R46: 2808 | S46: 1093.5 | T46: 1251.75 | V46: 1684 | W46: 432 | X46: 15615.5
C47: jednicové zákazky | D47: 25/0142 | E47: Brakezone - SF Fiesta Texas | F47: 27 | I47: 27.75 | K47: 0.75 | M47: 55.5
C48: jednicové zákazky | D48: 25/0115 | E48: Kostra statora DAX7-290ERJT 3 ks | K48: 54 | M48: 54
C49: jednicové zákazky | D49: 26/0024 | E49: Gehäuse 1 ks | H49: 34 | K49: 12 | M49: 46
C50: jednicové zákazky | D50: 25/1007 | E50: Track Hold | F50: 13 | I50: 24 | M50: 37
C51: jednicové zákazky | D51: 26/0026 | E51: Kostra statora BDAX62-170ER 2 ks | F51: 23 | I51: 7.75 | K51: 4.25 | M51: 35
C52: jednicové zákazky | D52: 26/0049 | E52: Trommelkörper 1 ks | G52: 10 | H52: 21 | M52: 31
C53: jednicové zákazky | D53: 23/0084 | E53: Základový rám 1 ks | G53: 12 | K53: 16 | M53: 28
C54: jednicové zákazky | D54: 26/0036 | E54: Lagerschild 2+2 ks AJ HA.18728.99 | G54: 15 | K54: 6.75 | M54: 21.75
C55: jednicové zákazky | D55: 25/0088 | E55: SWITCH 2 | F55: 16 | M55: 16
C56: jednicové zákazky | D56: 26/0050 | E56: Trommelkörper 1 ks | H56: 15.75 | M56: 15.75
C57: jednicové zákazky | D57: 26/0027 | E57: Kostra statora BDAX7-290ERJT 1 ks | F57: 14 | M57: 14
C58: jednicové zákazky | D58: 26/0048 | E58: Dielce | F58: 7.75 | I58: 4 | M58: 11.75
C59: jednicové zákazky | D59: 26/0041 | E59: Stĺpy AC-Belantis | F59: 8 | K59: 3.5 | M59: 11.5
C60: jednicové zákazky | D60: 26/0031 | E60: Kostra statora BDAX72-265ER 2 ks | F60: 11.5 | M60: 11.5
C61: jednicové zákazky | D61: 26/0017 | E61: Rám zakladovy opracovanie DG215 1 ks | K61: 10.5 | M61: 10.5
C62: jednicové zákazky | D62: 26/0035 | E62: Gehäuse 2 ks | I62: 7.5 | K62: 1.5 | M62: 9
C63: jednicové zákazky | D63: 25/0133 | E63: Kostra statora DAX7-145ER 2 ks | K63: 8 | M63: 8
C64: jednicové zákazky | D64: 25/0122 | E64: Kostra statora BDAX7-168ER 3 ks | K64: 8 | M64: 8
C65: jednicové zákazky | D65: 26/0045 | E65: Aufhängung 3 ks | K65: 1 | M65: 1
C66: 8_drobné zákazky | F66: 14.5 | G66: 10 | M66: 24.5
C67: 8_drobné zákazky | D67: 26/8029 | E67: Zváranie 1 ks | G67: 10 | M67: 10
C68: 8_drobné zákazky | D68: 26/8030 | E68: 3D pálenie rúry 1 ks | F68: 6 | M68: 6
C69: 8_drobné zákazky | D69: 26/8006 | E69: Pálenie, skruž.+materiál 2 ks | F69: 3.5 | M69: 3.5
C70: 8_drobné zákazky | D70: 26/8025 | E70: Pálenie | F70: 3 | M70: 3
C71: 8_drobné zákazky | D71: 26/8003 | E71: Pálenie 5 ks | F71: 2 | M71: 2
C72: 5_režijné zákazky | F72: 11.5 | G72: 6 | I72: 3 | M72: 20.5
C73: 5_režijné zákazky | D73: 26/5005 | E73: VRTB náklady na pracovisko | F73: 5 | I73: 3 | M73: 8
C74: 5_režijné zákazky | D74: 26/5002 | E74: Oprava a udržiavanie majetku | G74: 6 | M74: 6
C75: 5_režijné zákazky | D75: 26/5006 | E75: Čistenie roštov VP5 | F75: 4 | M75: 4
C76: 5_režijné zákazky | D76: 26/5004 | E76: Plazma skúšky rezov | F76: 2.5 | M76: 2.5
C77: 9_podnik. Réžia | F77: 69 | G77: 34 | H77: 76.5 | I77: 16 | K77: 63.5 | M77: 259
C78: 9_podnik. Réžia | D78: XX/9999 | E78: Podniková réžia | F78: 69 | G78: 34 | H78: 76.5 | I78: 16 | K78: 63.5 | M78: 259 | O78: investícia
C79: Spolu | F79: 8441.25 | G79: 2858 | H79: 1170 | I79: 1270.75 | K79: 1747.5 | L79: 432 | M79: 15919.5
M96: =GETPIVOTDATA("Spolu [hod]",$C$6)-GETPIVOTDATA("Spolu [hod]",$C$6,"Názov zákazky","Podniková réžia ","Zakazka_upr","XX/9999","nm_typ_zákazky","9_podnik. Réžia")-GETPIVOTDATA("Spolu [hod]",$C$6,"Názov zákazky","VRTB náklady na pracovisko ","Zakazka_upr","25/5004","nm_typ_zákazky","5_režijné zákazky") -> #REF!

Sheet zamestnanci číselník
B1: Zoznam pracovníkov za stav : Aktívny | F1: Vytvorené : 10.01.2019 11:34
A2: os.č. | B2: Osobné číslo | C2: Priezvisko a Meno | D2: Pr.pomer | E2: Pr.doba | F2: Stredisko | G2: Kategória | H2: Profesia | I2: Výrobná pr.
A3: =B3*1 -> 7 | B3: 007 | C3: Krchová Zuzana, Ing. | D3: H | E3: 8hod | F3: THP | G3: THP | H3: THP | I3: Ostatné
A4: =B4*1 -> 8 | B4: 008 | C4: Kyselica Anton, Ing. | D4: H | E4: 8hod | F4: THP | G4: THP | H4: THP | I4: Ostatné
A5: =B5*1 -> 9 | B5: 009 | C5: Macejka Martin, Ing. | D5: H | E5: 8hod | F5: THP | G5: THP | H5: THP | I5: Ostatné
A6: =B6*1 -> 10 | B6: 010 | C6: Macko Marián, Ing. | D6: H | E6: 8hod | F6: THP | G6: THP | H6: THP | I6: Ostatné
A7: =B7*1 -> 11 | B7: 011 | C7: Martonka Eduard, Ing. | D7: H | E7: 8hod | F7: THP | G7: THP | H7: THP | I7: VP1
A8: =B8*1 -> 13 | B8: 013 | C8: Mengyan Ondrej, Ing. | D8: H | E8: 8hod | F8: THP | G8: THP | H8: THP | I8: Ostatné
A9: =B9*1 -> 29 | B9: 029 | C9: Šuníková Alžbeta | D9: H | E9: 8hod | F9: Ostatné | G9: RŽ | H9: Iné | I9: Ostatné
A10: =B10*1 -> 30 | B10: 030 | C10: Zvala Milan | D10: H | E10: 8hod | F10: Ostatné | G10: RŽ | H10: Iné | I10: VP1
A11: =B11*1 -> 35 | B11: 035 | C11: Čerňanský Jozef | D11: H | E11: 8hod | F11: Zváranie | G11: JR | H11: Zvárač | I11: VP4
A12: =B12*1 -> 41 | B12: 041 | C12: Halo Ľubomír | D12: H | E12: 8hod | F12: Vŕtanie | G12: JR | H12: Vŕtač | I12: VP3M
A13: =B13*1 -> 50 | B13: 050 | C13: Košťal Stanislav | D13: H | E13: 8hod | F13: Strihanie | G13: JR | H13: Strihač | I13: VP1
A14: =B14*1 -> 51 | B14: 051 | C14: Košťal Tomáš | D14: H | E14: 8hod | F14: Ohýbanie | G14: JR | H14: Lisár-ohr.lis Vimm. | I14: VP3M
... A187: =B187*1 -> 614 | B187: 614 | C187: Chudá Oľga | D187: H | E187: 8hod | F187: Ostatné | G187: RŽ | H187: Iné | I187: Ostatné
A188: =B188 -> 615 | B188: 615 | C188: Podmanická Silvia Ing. | D188: H | E188: 8hod | F188: Ostatné | G188: THP | H188: Iné | I188: Ostatné
A189: =B189 -> 616 | B189: 616 | C189: Illáš Anton | D189: H | E189: 8hod | F189: Zámočník | G189: JR | H189: Zámočník | I189: VP4
A190: =B190 -> A10007 | B190: A10007 | C190: Kerdík Radovan | D190: V | E190: 24hod | F190: Zváranie | G190: ŽN | H190: Zvárač | I190: VP2
A191: =B191 -> A10019 | B191: A10019 | C191: Jurenka Pavol | D191: V | E191: 24hod | F191: Zváranie | G191: ŽN | H191: Zvárač | I191: VP2
A192: =B192 -> A10075 | B192: A10075 | C192: Vinh Phan Van | D192: V | E192: 24hod | F192: Zváranie | G192: ŽN | H192: Zvárač | I192: VP4
A193: =B193 -> A10079 | B193: A10079 | C193: Matejovič Peter | D193: V | E193: 24hod | F193: Zváranie | G193: ŽN | H193: Zvárač | I193: VP2
A194: =B194 -> A10110 | B194: A10110 | C194: Jurenka Juraj | D194: V | E194: 24hod | F194: Zváranie | G194: ŽN | H194: Zvárač | I194: VP2
A195: =B195 -> A10115 | B195: A10115 | C195: Minh Ngo Thuan | D195: V | E195: 24hod | F195: Zváranie | G195: ŽN | H195: Zvárač | I195: VP4
A196: =B196 -> A10116 | B196: A10116 | C196: Trung Dung Dang | D196: V | E196: 24hod | F196: Zváranie | G196: ŽN | H196: Zvárač | I196: VP4
A197: =B197 -> A10117 | B197: A10117 | C197: Sorokin Sergii | D197: V | E197: 24hod | F197: Zváranie | G197: ŽN | H197: Zvárač | I197: VP4
A198: =B198 -> A10118 | B198: A10118 | C198: Skoliabin Ihor | D198: V | E198: 24hod | F198: Zváranie | G198: ŽN | H198: Zvárač | I198: VP4
A199: =B199 -> A10119 | B199: A10119 | C199: Le Dang Dinh | D199: V | E199: 24hod | F199: Zváranie | G199: ŽN | H199: Zvárač | I199: VP4
... A290: =B290 -> Z00430 | B290: Z00430 | C290: Lang Roman | D290: V | E290: 24hod | F290: Lakovanie | G290: ŽN | H290: Lakovač | I290: VP5

Sheet školenia_nadčasy_PN
A1: Časový fond za obdobie : 01.06.2026 - 30.06.2026 | I1: Vytvorené : 17.07.2026 07:08
A2: Kategória : JR
A3: VP | B3: Práca | C3: Práca Ext | D3: Nadčas | E3: Sviatok | F3: Školenie | G3: Dovolenka | H3: OČR | I3: P ošetrenie | J3: P sprevádzanie | K3: PN | L3: Náhradné voľno | M3: Ostatné | N3: SPOLU
A4: VP1 | B4: 2346.25 | C4: 0 | D4: 48.5 | E4: 0 | F4: 0 | G4: 83.75 | H4: 0 | I4: 66.5 | J4: 71 | K4: 232 | L4: 0 | M4: 0 | N4: =SUM(B4:M4) -> 2848
A5: VP2 | B5: 1917.5 | C5: 0 | D5: 109 | E5: 0 | F5: 0 | G5: 212 | H5: 48 | I5: 46.5 | J5: 36 | K5: 400 | L5: 0 | M5: 20 | N5: =SUM(B5:M5) -> 2789
A6: VP3V | B6: 1038.25 | C6: 0 | D6: 131.75 | E6: 0 | F6: 0 | G6: 60.25 | H6: 0 | I6: 0 | J6: 30 | K6: 213.5 | L6: 0 | M6: 0 | N6: =SUM(B6:M6) -> 1473.75
A7: VP3M | B7: 1032.5 | C7: 0 | D7: 113.25 | E7: 0 | F7: 0 | G7: 101.5 | H7: 0 | I7: 23.5 | J7: 31.25 | K7: 0 | L7: 0 | M7: 15.75 | N7: =SUM(B7:M7) -> 1317.75
A8: VP4 | B8: 642 | C8: 0 | D8: 44.5 | E8: 0 | F8: 0 | G8: 48 | H8: 0 | I8: 14 | J8: 0 | K8: 0 | L8: 0 | M8: 0 | N8: =SUM(B8:M8) -> 748.5
A9: VP5 | B9: 640 | C9: 0 | D9: 6.5 | E9: 0 | F9: 0 | G9: 24 | H9: 0 | I9: 8 | J9: 16 | K9: 0 | L9: 0 | M9: 16 | N9: =SUM(B9:M9) -> 710.5
A10: VP3T | B10: 240 | C10: 0 | D10: 18 | E10: 0 | F10: 0 | G10: 0 | H10: 0 | I10: 0 | J10: 0 | K10: 0 | L10: 0 | M10: 0 | N10: =SUM(B10:M10) -> 258
A11: SPOLU | B11: =SUM(B4:B10) -> 7856.5 | C11: =SUM(C4:C10) -> 0 | D11: =SUM(D4:D10) -> 471.5 | E11: =SUM(E4:E10) -> 0 | F11: =SUM(F4:F10) -> 0 | G11: =SUM(G4:G10) -> 529.5 | H11: =SUM(H4:H10) -> 48 | I11: =SUM(I4:I10) -> 158.5 | ... N11: =SUM(N4:N10) -> 10145.5
A14: Kategória : RŽ
A15: VP | B15: Práca | C15: Práca Ext | D15: Nadčas | E15: Sviatok | F15: Školenie | G15: Dovolenka | H15: OČR | I15: P ošetrenie | J15: P sprevádzanie | K15: PN | L15: Náhradné voľno | M15: Ostatné | N15: SPOLU
A16: Ostatné | B16: 1881 | C16: 0 | D16: 141.5 | E16: 0 | F16: 0 | G16: 202.5 | H16: 0 | I16: 37 | J16: 16 | K16: 72 | L16: 6 | M16: 8 | N16: =SUM(B16:M16) -> 2364
A17: VP1 | B17: 626 | C17: 0 | D17: 51.5 | E17: 0 | F17: 0 | G17: 80 | H17: 0 | I17: 70 | J17: 8 | K17: 96 | L17: 0 | M17: 0 | N17: =SUM(B17:M17) -> 931.5
A18: VP2 | B18: 152 | C18: 0 | D18: 0 | E18: 0 | F18: 0 | G18: 0 | H18: 0 | I18: 8 | J18: 16 | K18: 0 | L18: 0 | M18: 0 | N18: =SUM(B18:M18) -> 176
A19: VP5 | B19: 865 | C19: 0 | D19: 8.5 | E19: 0 | F19: 0 | G19: 84 | H19: 0 | I19: 35 | J19: 24 | K19: 0 | L19: 0 | M19: 0 | N19: =SUM(B19:M19) -> 1016.5
A20: VP3T | B20: 176 | C20: 0 | D20: 36 | E20: 0 | F20: 0 | G20: 0 | H20: 0 | I20: 0 | J20: 0 | K20: 0 | L20: 0 | M20: 0 | N20: =SUM(B20:M20) -> 212
A21: Doprava | B21: 432 | C21: 0 | D21: 4 | E21: 0 | F21: 0 | G21: 96 | H21: 0 | I21: 0 | J21: 0 | K21: 0 | L21: 0 | M21: 0 | N21: =SUM(B21:M21) -> 532
A22: Údržba | B22: 919.5 | C22: 0 | D22: 71 | E22: 0 | F22: 0 | G22: 120 | H22: 0 | I22: 6.5 | J22: 6 | K22: 0 | L22: 0 | M22: 4 | N22: =SUM(B22:M22) -> 1127
A23: SPOLU | B23: =SUM(B16:B22) -> 5051.5 | C23: =SUM(C16:C22) -> 0 | D23: =SUM(D16:D22) -> 312.5 | E23: =SUM(E16:E22) -> 0 | F23: =SUM(F16:F22) -> 0 | G23: =SUM(G16:G22) -> 582.5 | H23: =SUM(H16:H22) -> 0 | I23: =SUM(I16:I22) -> 156.5 | ... N23: =SUM(N16:N22) -> 6359
A26: Kategória : THP
A27: VP | B27: Práca | C27: Práca Ext | D27: Nadčas | E27: Sviatok | F27: Školenie | G27: Dovolenka | H27: OČR | I27: P ošetrenie | J27: P sprevádzanie | K27: PN | L27: Náhradné voľno | M27: Ostatné | N27: SPOLU
A28: Ostatné | B28: 7391 | C28: 0 | D28: 93 | E28: 0 | F28: 0 | G28: 634 | H28: 16 | I28: 143 | J28: 74.5 | K28: 328 | L28: 181.5 | M28: 103 | N28: =SUM(B28:M28) -> 8964
A29: VP1 | B29: 646 | C29: 0 | D29: 48.5 | E29: 0 | F29: 0 | G29: 12 | H29: 0 | I29: 14 | J29: 32 | K29: 0 | L29: 0 | M29: 0 | N29: =SUM(B29:M29) -> 752.5
A30: VP2 | B30: 336 | C30: 0 | D30: 12.5 | E30: 0 | F30: 0 | G30: 8 | H30: 0 | I30: 8 | J30: 0 | K30: 0 | L30: 0 | M30: 0 | N30: =SUM(B30:M30) -> 364.5
A31: VP3V | B31: 160.5 | C31: 0 | D31: 9 | E31: 0 | F31: 0 | G31: 0 | H31: 0 | I31: 7.5 | J31: 8 | K31: 0 | L31: 0 | M31: 0 | N31: =SUM(B31:M31) -> 185
A32: VP3M | B32: 165 | C32: 0 | D32: 25 | E32: 0 | F32: 0 | G32: 0 | H32: 0 | I32: 3 | J32: 0 | K32: 0 | L32: 0 | M32: 8 | N32: =SUM(B32:M32) -> 201
A33: VP5 | B33: 152 | C33: 0 | D33: 20 | E33: 0 | F33: 0 | G33: 24 | H33: 0 | I33: 0 | J33: 0 | K33: 0 | L33: 0 | M33: 0 | N33: =SUM(B33:M33) -> 196
A34: Doprava | B34: 156 | C34: 0 | D34: 5 | E34: 0 | F34: 0 | G34: 12 | H34: 0 | I34: 8 | J34: 0 | K34: 0 | L34: 0 | M34: 0 | N34: =SUM(B34:M34) -> 181
A35: SPOLU | B35: =SUM(B28:B34) -> 9006.5 | C35: =SUM(C28:C34) -> 0 | D35: =SUM(D28:D34) -> 213 | E35: =SUM(E28:E34) -> 0 | F35: =SUM(F28:F34) -> 0 | G35: =SUM(G28:G34) -> 690 | H35: =SUM(H28:H34) -> 16 | I35: =SUM(I28:I34) -> 183.5 | ... N35: =SUM(N28:N34) -> 10844
A38: Kategória : ŽN
A39: VP | B39: Práca | C39: Práca Ext | D39: Nadčas | E39: Sviatok | F39: Školenie | G39: Dovolenka | H39: OČR | I39: P ošetrenie | J39: P sprevádzanie | K39: PN | L39: Náhradné voľno | M39: Ostatné | N39: SPOLU
A40: VP1 | B40: 1315.5 | C40: 0 | D40: 0 | E40: 0 | F40: 0 | G40: 0 | H40: 0 | I40: 0 | J40: 0 | K40: 0 | L40: 0 | M40: 0 | N40: =SUM(B40:M40) -> 1315.5
A41: VP2 | B41: 831.5 | C41: 0 | D41: 0 | E41: 0 | F41: 0 | G41: 0 | H41: 0 | I41: 0 | J41: 0 | K41: 0 | L41: 0 | M41: 0 | N41: =SUM(B41:M41) -> 831.5
A42: VP3M | B42: 125 | C42: 0 | D42: 0 | E42: 0 | F42: 0 | G42: 0 | H42: 0 | I42: 0 | J42: 0 | K42: 0 | L42: 0 | M42: 0 | N42: =SUM(B42:M42) -> 125
A43: VP4 | B43: 4044.5 | C43: 0 | D43: 0 | E43: 0 | F43: 0 | G43: 0 | H43: 0 | I43: 0 | J43: 0 | K43: 0 | L43: 0 | M43: 0 | N43: =SUM(B43:M43) -> 4044.5
A44: VP5 | B44: 1069 | C44: 32 | D44: 0 | E44: 0 | F44: 0 | G44: 0 | H44: 0 | I44: 0 | J44: 0 | K44: 0 | L44: 0 | M44: 0 | N44: =SUM(B44:M44) -> 1101
A45: VP3T | B45: 174 | C45: 0 | D45: 0 | E45: 0 | F45: 0 | G45: 0 | H45: 0 | I45: 0 | J45: 0 | K45: 0 | L45: 0 | M45: 0 | N45: =SUM(B45:M45) -> 174
A46: SPOLU | B46: =SUM(B40:B45) -> 7559.5 | C46: =SUM(C40:C45) -> 32 | D46: =SUM(D40:D45) -> 0 | E46: =SUM(E40:E45) -> 0 | F46: =SUM(F40:F45) -> 0 | G46: =SUM(G40:G45) -> 0 | H46: =SUM(H40:H45) -> 0 | I46: =SUM(I40:I45) -> 0 | ... N46: =SUM(N40:N45) -> 7591.5
